Code,ParentId,Type,Name,IsCategory,IsActive
10,null,1,EFECTIVO Y EQUIVALENTES DE EFECTIVO,TRUE,TRUE
101,10,1,CAJA,TRUE,TRUE
102,10,1,FONDOS FIJOS,TRUE,TRUE
103,10,1,EFECTIVO EN TRÁNSITO,TRUE,TRUE
104,10,1,CUENTAS CORRIENTES EN INSTITUCIONES FINANCIERAS,TRUE,TRUE
1041,104,1,CUENTAS CORRIENTES OPERATIVAS,TRUE,TRUE
1042,104,1,CUENTAS CORRIENTES PARA FINES ESPECÍFICOS,TRUE,TRUE
105,10,1,OTROS EQUIVALENTES DE EFECTIVO,TRUE,TRUE
1051,105,1,OTROS EQUIVALENTES DE EFECTIVO,TRUE,TRUE
106,10,1,DEPÓSITOS EN INSTITUCIONES FINANCIERAS,TRUE,TRUE
1061,106,1,DEPÓSITOS DE AHORRO,TRUE,TRUE
1062,106,1,DEPÓSITOS A PLAZO,TRUE,TRUE
107,10,1,FONDOS SUJETOS A RESTRICCIÓN,TRUE,TRUE
1071,107,1,FONDOS SUJETOS A RESTRICCIÓN,TRUE,TRUE
11,null,1,INVERSIONES FINANCIERAS,TRUE,TRUE
111,11,1,INVERSIONES MANTENIDAS PARA NEGOCIACION,TRUE,TRUE
1111,111,1,VALORES EMITIDOS O GARANTIZADOS POR EL ESTADO,TRUE,TRUE
11111,1111,1,COSTO ,TRUE,TRUE
11112,1111,1,VALOR RAZONABLE,TRUE,TRUE
1112,111,1,VALORES EMITIDOS POR EL SISTEMA FINANCIERO,TRUE,TRUE
11121,1112,1,COSTO ,TRUE,TRUE
11122,1112,1,VALOR RAZONABLE,TRUE,TRUE
1113,111,1,VALORES EMITIDOS POR EMPRESAS,TRUE,TRUE
11131,1113,1,COSTO,TRUE,TRUE
11132,1113,1,VALOR RAZONABLE,TRUE,TRUE
1114,111,1,OTROS TÍTULOS REPRESENTATIVOS DE DEUDA,TRUE,TRUE
11141,1114,1,COSTO,TRUE,TRUE
11142,1114,1,VALOR RAZONABLE,TRUE,TRUE
1115,111,1,PARTICIPACIONES EN ENTIDADES,TRUE,TRUE
11151,1115,1,COSTO,TRUE,TRUE
11152,1115,1,VALOR RAZONABLE,TRUE,TRUE
112,11,1,INVERSIONES DISPONIBLES PARA LA VENTA,TRUE,TRUE
1121,112,1,VALORES EMITIDOS O GARANTIZADOS POR EL ESTADO,TRUE,TRUE
11211,1121,1,COSTO,TRUE,TRUE
11212,1121,1,VALOR RAZONABLE,TRUE,TRUE
1122,112,1,VALORES EMITIDOS POR EL SISTEMA FINANCIERO,TRUE,TRUE
11221,1122,1,COSTO,TRUE,TRUE
11222,1122,1,VALOR RAZONABLE,TRUE,TRUE
1123,112,1,VALORES EMITIDOS POR EMPRESAS,TRUE,TRUE
11231,1123,1,COSTO,TRUE,TRUE
11232,1123,1,VALOR RAZONABLE,TRUE,TRUE
1124,112,1,OTROS TÍTULOS REPRESENTATIVOS DE DEUDA,TRUE,TRUE
11241,1124,1,COSTO,TRUE,TRUE
11242,1124,1,VALOR RAZONABLE,TRUE,TRUE
113,11,1,ACTIVOS FINANCIEROS – ACUERDO DE COMPRA,TRUE,TRUE
1131,113,1,INVERSIONES MANTENIDAS PARA NEGOCIACION - ACUERDO DE COMPRA,TRUE,TRUE
11311,1131,1,COSTO,TRUE,TRUE
11312,1131,1,VALOR RAZONABLE,TRUE,TRUE
1132,113,1,INVERSIONES DISPONIBLES PARA LA VENTA - ACUERDO DE COMPRA,TRUE,TRUE
11321,1132,1,COSTO,TRUE,TRUE
11322,1132,1,VALOR RAZONABLE,TRUE,TRUE
12,null,1,CUENTAS POR COBRAR COMERCIALES – TERCEROS,TRUE,TRUE
121,12,1,"FACTURAS, BOLETAS Y OTROS COMPROBANTES POR COBRAR",TRUE,TRUE
1211,121,1,NO EMITIDAS,TRUE,TRUE
1212,121,1,EMITIDAS EN CARTERA,TRUE,TRUE
1213,121,1,EN COBRANZA,TRUE,TRUE
1214,121,1,EN DESCUENTO,TRUE,TRUE
122,12,1,ANTICIPOS DE CLIENTES,TRUE,TRUE
123,12,1,LETRAS POR COBRAR,TRUE,TRUE
1231,123,1,EN CARTERA,TRUE,TRUE
1232,123,1,EN COBRANZA,TRUE,TRUE
1233,123,1,EN DESCUENTO,TRUE,TRUE
13,null,1,CUENTAS POR COBRAR COMERCIALES – RELACIONADAS,TRUE,TRUE
131,13,1,"FACTURAS, BOLETAS Y OTROS COMPROBANTES POR COBRAR",TRUE,TRUE
1311,131,1,NO EMITIDAS,TRUE,TRUE
13111,1311,1,MATRIZ,TRUE,TRUE
13112,1311,1,SUBSIDIARIAS,TRUE,TRUE
13113,1311,1,ASOCIADAS,TRUE,TRUE
13114,1311,1,SUCURSALES,TRUE,TRUE
13115,1311,1,OTROS,TRUE,TRUE
1312,131,1,EMITIDAS EN CARTERA,TRUE,TRUE
13121,1312,1,MATRIZ,TRUE,TRUE
13122,1312,1,SUBSIDIARIAS,TRUE,TRUE
13123,1312,1,ASOCIADAS,TRUE,TRUE
13124,1312,1,SUCURSALES,TRUE,TRUE
1313,131,1,EN COBRANZA,TRUE,TRUE
13131,1313,1,MATRIZ,TRUE,TRUE
13132,1313,1,SUBSIDIARIAS,TRUE,TRUE
13133,1313,1,ASOCIADAS,TRUE,TRUE
13134,1313,1,SUCURSALES,TRUE,TRUE
13135,1313,1,OTROS,TRUE,TRUE
1314,131,1,EN DESCUENTO,TRUE,TRUE
13141,1314,1,MATRIZ,TRUE,TRUE
13142,1314,1,SUBSIDIARIAS,TRUE,TRUE
13143,1314,1,ASOCIADAS,TRUE,TRUE
13144,1314,1,SUCURSALES,TRUE,TRUE
13145,1314,1,OTROS,TRUE,TRUE
132,13,1,ANTICIPOS RECIBIDOS,TRUE,TRUE
1321,132,1,ANTICIPOS RECIBIDOS,TRUE,TRUE
13211,1321,1,MATRIZ,TRUE,TRUE
13212,1321,1,SUBSIDIARIAS,TRUE,TRUE
13213,1321,1,ASOCIADAS,TRUE,TRUE
13214,1321,1,SUCURSALES,TRUE,TRUE
13215,1321,1,OTROS,TRUE,TRUE
133,13,1,LETRAS POR COBRAR,TRUE,TRUE
1331,133,1,EN CARTERA,TRUE,TRUE
13311,1331,1,MATRIZ,TRUE,TRUE
13312,1331,1,SUBSIDIARIAS,TRUE,TRUE
13313,1331,1,ASOCIADAS,TRUE,TRUE
13314,1331,1,SUCURSALES,TRUE,TRUE
13315,1331,1,OTROS,TRUE,TRUE
1332,133,1,EN COBRANZA,TRUE,TRUE
13321,1332,1,MATRIZ,TRUE,TRUE
13322,1332,1,SUBSIDIARIAS,TRUE,TRUE
13323,1332,1,ASOCIADAS,TRUE,TRUE
13324,1332,1,SUCURSALES,TRUE,TRUE
13325,1332,1,OTROS,TRUE,TRUE
1333,133,1,EN DESCUENTO,TRUE,TRUE
13331,1333,1,MATRIZ,TRUE,TRUE
13332,1333,1,SUBSIDIARIAS,TRUE,TRUE
13333,1333,1,ASOCIADAS,TRUE,TRUE
13334,1333,1,SUCURSALES,TRUE,TRUE
13335,1333,1,OTROS,TRUE,TRUE
14,null,1,"CUENTAS POR COBRAR AL PERSONAL, A LOS ACCIONISTAS (SOCIOS), DIRECTORES Y GERENTES",TRUE,TRUE
141,14,1,PERSONAL,TRUE,TRUE
1411,141,1,PRÉSTAMOS,TRUE,TRUE
1412,141,1,ADELANTO DE REMUNERACIONES,TRUE,TRUE
1413,141,1,ENTREGAS A RENDIR CUENTA,TRUE,TRUE
1419,141,1,OTRAS CUENTAS POR COBRAR AL PERSONAL,TRUE,TRUE
142,14,1,ACCIONISTAS (O SOCIOS),TRUE,TRUE
1421,142,1,SUSCRIPCIONES POR COBRAR A SOCIOS O ACCIONISTAS,TRUE,TRUE
1422,142,1,PRÉSTAMOS,TRUE,TRUE
143,14,1,DIRECTORES,TRUE,TRUE
1431,143,1,PRÉSTAMOS,TRUE,TRUE
1432,143,1,ADELANTO DE DIETAS,TRUE,TRUE
1433,143,1,ENTREGAS A RENDIR CUENTA,TRUE,TRUE
144,14,1,GERENTES,TRUE,TRUE
1441,144,1,PRÉSTAMOS,TRUE,TRUE
1442,144,1,ADELANTO DE NUMERACIONES,TRUE,TRUE
1443,144,1,ENTREGAS A RENDIR CUENTA,TRUE,TRUE
148,14,1,DIVERSAS,TRUE,TRUE
16,null,1,CUENTAS POR COBRAR DIVERSAS - TERCEROS,TRUE,TRUE
161,16,1,PRÉSTAMOS,TRUE,TRUE
1611,161,1,CON GARANTÍA,TRUE,TRUE
1612,161,1,SIN GARANTÍA,TRUE,TRUE
162,16,1,RECLAMACIONES A TERCEROS,TRUE,TRUE
1621,162,1,COMPAÑÍAS ASEGURADORAS,TRUE,TRUE
1622,162,1,TRANSPORTADORAS,TRUE,TRUE
1623,162,1,SERVICIOS PÚBLICOS,TRUE,TRUE
1624,162,1,TRIBUTOS,TRUE,TRUE
1629,162,1,OTRAS,TRUE,TRUE
163,16,1,"INTERESES, REGALÍAS Y DIVIDENDOS",TRUE,TRUE
1631,163,1,INTERESES,TRUE,TRUE
1632,163,1,REGALÍAS,TRUE,TRUE
1633,163,1,DIVIDENDOS,TRUE,TRUE
164,16,1,DEPÓSITOS OTORGADOS EN GARANTÍA,TRUE,TRUE
1641,164,1,PRÉSTAMOS DE INSTITUCIONES NO FINANCIERAS,TRUE,TRUE
1642,164,1,PRÉSTAMOS DE INSTITUCIONES FINANCIERAS,TRUE,TRUE
1644,164,1,DEPÓSITO EN GARANTÍA POR ALQUILERES,TRUE,TRUE
1649,164,1,OTROS DEPÓSITOS EN GARANTÍA,TRUE,TRUE
165,16,1,VENTA DE ACTIVO INMOVILIZADO,TRUE,TRUE
1651,165,1,INVERSIÓN MOBILIARIA,TRUE,TRUE
1652,165,1,INVERSIÓN INMOBILIARIA,TRUE,TRUE
1653,165,1,"INMUEBLES, MAQUINARIA Y EQUIPO",TRUE,TRUE
1654,165,1,INTANGIBLES,TRUE,TRUE
1655,165,1,ACTIVOS BIOLÓGICOS,TRUE,TRUE
166,16,1,ACTIVOS POR INSTRUMENTOS FINANCIEROS DERIVADOS,TRUE,TRUE
1661,166,1,INSTRUMENTOS FINANCIEROS,TRUE,TRUE
1662,166,1,INSTRUMENTOS FINANCIEROS DERIVADOS,TRUE,TRUE
16621,1662,1,CARTERA DE NEGOCIACIÓN,TRUE,TRUE
16622,1662,1,INSTRUMENTOS DE COBERTURA,TRUE,TRUE
168,16,1,OTRAS CUENTAS POR COBRAR DIVERSAS,TRUE,TRUE
1681,168,1,ENTREGAS A RENDIR CUENTA A TERCEROS,TRUE,TRUE
1682,168,1,OTRAS CUENTAS POR COBRAR DIVERSAS,TRUE,TRUE
17,null,1,CUENTAS POR COBRAR DIVERSAS - RELACIONADAS,TRUE,TRUE
171,17,1,PRÉSTAMOS,TRUE,TRUE
1711,171,1,CON GARANTÍA,TRUE,TRUE
17111,1711,1,MATRIZ,TRUE,TRUE
17112,1711,1,SUBSIDIARIAS,TRUE,TRUE
17113,1711,1,ASOCIADAS,TRUE,TRUE
17114,1711,1,SUCURSALES,TRUE,TRUE
17115,1711,1,OTROS,TRUE,TRUE
1712,171,1,SIN GARANTÍA,TRUE,TRUE
17121,1712,1,MATRIZ,TRUE,TRUE
17122,1712,1,SUBSIDIARIAS,TRUE,TRUE
17123,1712,1,ASOCIADAS,TRUE,TRUE
17124,1712,1,SUCURSALES,TRUE,TRUE
17125,1712,1,OTROS,TRUE,TRUE
173,17,1,"INTERESES, REGALÍAS Y DIVIDENDOS",TRUE,TRUE
1731,173,1,INTERESES,TRUE,TRUE
17311,1731,1,MATRIZ,TRUE,TRUE
17312,1731,1,SUBSIDIARIAS,TRUE,TRUE
17313,1731,1,ASOCIADAS,TRUE,TRUE
17314,1731,1,SUCURSALES,TRUE,TRUE
17315,1731,1,OTROS,TRUE,TRUE
1732,173,1,REGALÍAS,TRUE,TRUE
17321,1732,1,MATRIZ,TRUE,TRUE
17322,1732,1,SUBSIDIARIAS,TRUE,TRUE
17323,1732,1,ASOCIADAS,TRUE,TRUE
17324,1732,1,SUCURSALES,TRUE,TRUE
17325,1732,1,OTROS,TRUE,TRUE
1733,173,1,DIVIDENDOS,TRUE,TRUE
17331,1733,1,MATRIZ,TRUE,TRUE
17332,1733,1,SUBSIDIARIAS,TRUE,TRUE
17333,1733,1,ASOCIADAS,TRUE,TRUE
17334,1733,1,OTROS,TRUE,TRUE
174,17,1,DEPÓSITOS OTORGADOS EN GARANTÍA,TRUE,TRUE
175,17,1,VENTA DE ACTIVO INMOVILIZADO,TRUE,TRUE
1751,175,1,INVERSIÓN MOBILIARIA,TRUE,TRUE
1752,175,1,INVERSIÓN INMOBILIARIA,TRUE,TRUE
1753,175,1,"INMUEBLES, MAQUINARIA Y EQUIPO",TRUE,TRUE
1754,175,1,INTANGIBLES,TRUE,TRUE
1755,175,1,ACTIVOS BIOLÓGICOS,TRUE,TRUE
176,17,1,ACTIVOS POR INSTRUMENTOS FINANCIEROS DERIVADOS,TRUE,TRUE
178,17,1,OTRAS CUENTAS POR COBRAR DIVERSAS,TRUE,TRUE
18,null,1,SERVICIOS Y OTROS CONTRATADOS POR ANTICIPADO,TRUE,TRUE
181,18,1,COSTOS FINANCIEROS,TRUE,TRUE
182,18,1,SEGUROS,TRUE,TRUE
183,18,1,ALQUILERES,TRUE,TRUE
184,18,1,PRIMAS PAGADAS POR OPCIONES,TRUE,TRUE
185,18,1,MANTENIMIENTO DE ACTIVOS INMOVILIZADOS,TRUE,TRUE
189,18,1,OTROS GASTOS CONTRATADOS POR ANTICIPADO,TRUE,TRUE
19,null,1,ESTIMACIÓN DE CUENTAS DE COBRANZA DUDOSA,TRUE,TRUE
191,19,1,CUENTAS POR COBRAR COMERCIALES - TERCEROS,TRUE,TRUE
1911,191,1,"FACTURAS, BOLETAS Y OTROS COMPROBANTES POR COBRAR",TRUE,TRUE
1913,191,1,LETRAS POR COBRAR,TRUE,TRUE
192,19,1,CUENTAS POR COBRAR COMERCIALES - RELACIONADAS,TRUE,TRUE
1921,192,1,"FACTURAS, BOLETAS Y OTROS COMPROBANTES POR COBRAR",TRUE,TRUE
1922,192,1,LETRAS POR COBRAR,TRUE,TRUE
193,19,1,"CUENTAS POR COBRAR AL PERSONAL, A LOS ACCIONISTAS (SOCIOS), DIRECTORES Y GERENTES",TRUE,TRUE
1931,193,1,PERSONAL,TRUE,TRUE
1932,193,1,ACCIONISTAS,TRUE,TRUE
1933,193,1,DIRECTORES,TRUE,TRUE
1934,193,1,GERENTES,TRUE,TRUE
1938,193,1,DIVERSAS,TRUE,TRUE
194,19,1,CUENTAS POR COBRAR DIVERSAS- TERCEROS,TRUE,TRUE
1941,194,1,PRESTAMOS,TRUE,TRUE
1942,194,1,RECLAMACIONES A TERCEROS,TRUE,TRUE
1943,194,1,INTERESES REGALIAS Y DIVIDENDOS ,TRUE,TRUE
1944,194,1,DEPOSITOS OTORGADOS EN GARANTIA,TRUE,TRUE
1945,194,1,VENTA DE ACTIVO INMOVILIZADO,TRUE,TRUE
1946,194,1,ACTIVOS POR INSTRUMENTOS FINANCIEROS ,TRUE,TRUE
1949,194,1,OTRAS CUENTAS POR COBRAR DIVERSAS,TRUE,TRUE
195,19,1,CUENTAS POR COBRAR DIVERSAS - RELACIONADAS,TRUE,TRUE
1951,195,1,PRESTAMOS,TRUE,TRUE
1953,195,1,INTERESES REGALIAS Y DIVIDENDOS ,TRUE,TRUE
1954,195,1,DEPOSITOS OTORGADOS EN GARANTIA,TRUE,TRUE
1955,195,1,VENTA DE ACTIVO INMOVILIZADO,TRUE,TRUE
1956,195,1,ACTIVOS POR INSTRUMENTOS FINANCIEROS ,TRUE,TRUE
1958,195,1,OTRAS CUENTAS POR COBRAR DIVERSAS,TRUE,TRUE
20,null,1,MERCADERÍAS,TRUE,TRUE
201,20,1,MERCADERÍAS MANUFACTURADAS,TRUE,TRUE
2011,201,1,MERCADERÍAS MANUFACTURADAS,TRUE,TRUE
20111,2011,1,COSTO,TRUE,TRUE
20112,2011,1,VALOR RAZONABLE,TRUE,TRUE
202,20,1,MERCADERÍAS DE EXTRACCIÓN,TRUE,TRUE
203,20,1,MERCADERÍAS AGROPECUARIAS Y PISCÍCOLAS,TRUE,TRUE
2031,203,1,DE ORIGEN ANIMAL,TRUE,TRUE
2032,203,1,DE ORIGEN VEGETAL,TRUE,TRUE
204,20,1,MERCADERÍAS INMUEBLES,TRUE,TRUE
208,20,1,OTRAS MERCADERÍAS,TRUE,TRUE
21,null,1,PRODUCTOS TERMINADOS,TRUE,TRUE
211,21,1,PRODUCTOS MANUFACTURADOS,TRUE,TRUE
212,21,1,PRODUCTOS DE EXTRACCIÓN TERMINADOS,TRUE,TRUE
213,21,1,PRODUCTOS AGROPECUARIOS Y PISCÍCOLAS TERMINADOS,TRUE,TRUE
2131,213,1,DE ORIGEN ANIMAL,TRUE,TRUE
21311,2131,1,COSTO,TRUE,TRUE
21312,2131,1,VALOR RAZONABLE,TRUE,TRUE
2132,213,1,DE ORIGEN VEGETAL,TRUE,TRUE
21321,2132,1,COSTO,TRUE,TRUE
21322,2132,1,VALOR RAZONABLE,TRUE,TRUE
214,21,1,PRODUCTOS INMUEBLES,TRUE,TRUE
215,21,1,EXISTENCIAS DE SERVICIOS TERMINADOS,TRUE,TRUE
217,21,1,OTROS PRODUCTOS TERMINADOS,TRUE,TRUE
218,21,1,COSTOS DE FINANCIACIÓN – PRODUCTOS TERMINADOS,TRUE,TRUE
22,null,1,"SUBPRODUCTOS, DESECHOS Y DESPERDICIOS",TRUE,TRUE
221,22,1,SUBPRODUCTOS,TRUE,TRUE
222,22,1,DESECHOS Y DESPERDICIOS,TRUE,TRUE
23,null,1,PRODUCTOS EN PROCESO,TRUE,TRUE
231,23,1,PRODUCTOS EN PROCESO DE MANUFACTURA,TRUE,TRUE
232,23,1,PRODUCTOS EXTRAÍDOS EN PROCESO DE TRANSFORMACIÓN,TRUE,TRUE
233,23,1,PRODUCTOS AGROPECUARIOS Y PISCÍCOLAS EN PROCESO,TRUE,TRUE
2331,233,1,DE ORIGEN ANIMAL,TRUE,TRUE
23311,2331,1,COSTO,TRUE,TRUE
23312,2331,1,VALOR RAZONABLE,TRUE,TRUE
2332,233,1,DE ORIGEN VEGETAL,TRUE,TRUE
23321,2332,1,COSTO,TRUE,TRUE
23322,2332,1,VALOR RAZONABLE,TRUE,TRUE
234,23,1,PRODUCTOS INMUEBLES EN PROCESO,TRUE,TRUE
235,23,1,EXISTENCIAS DE SERVICIOS EN PROCESO,TRUE,TRUE
237,23,1,OTROS PRODUCTOS EN PROCESO,TRUE,TRUE
238,23,1,COSTOS DE FINANCIACIÓN – PRODUCTOS EN PROCESO,TRUE,TRUE
24,null,1,MATERIAS PRIMAS,TRUE,TRUE
241,24,1,MATERIAS PRIMAS PARA PRODUCTOS MANUFACTURADOS,TRUE,TRUE
242,24,1,MATERIAS PRIMAS PARA PRODUCTOS DE EXTRACCIÓN,TRUE,TRUE
243,24,1,MATERIAS PRIMAS PARA PRODUCTOS AGROPECUARIOS Y PISCÍCOLAS,TRUE,TRUE
244,24,1,MATERIAS PRIMAS PARA PRODUCTOS INMUEBLES,TRUE,TRUE
25,null,1,"MATERIALES AUXILIARES, SUMINISTROS Y REPUESTOS",TRUE,TRUE
251,25,1,MATERIALES AUXILIARES,TRUE,TRUE
252,25,1,SUMINISTROS,TRUE,TRUE
2521,252,1,COMBUSTIBLES,TRUE,TRUE
2522,252,1,LUBRICANTES,TRUE,TRUE
2523,252,1,ENERGÍA,TRUE,TRUE
2524,252,1,OTROS SUMINISTROS,TRUE,TRUE
253,25,1,REPUESTOS,TRUE,TRUE
26,null,1,ENVASES Y EMBALAJES,TRUE,TRUE
261,26,1,ENVASES,TRUE,TRUE
262,26,1,EMBALAJES,TRUE,TRUE
27,null,1,ACTIVOS NO CORRIENTES MANTENIDOS PARA LA VENTA,TRUE,TRUE
271,27,1,INVERSIONES INMOBILIARIAS,TRUE,TRUE
2711,271,1,TERRENOS,TRUE,TRUE
27111,2711,1,VOLOR RAZONABLE,TRUE,TRUE
27112,2711,1,COSTO,TRUE,TRUE
27113,2711,1,REVALUACIÓN,TRUE,TRUE
2712,271,1,EDIFICACIONES,TRUE,TRUE
27121,2712,1,VALOR RAZONABLE,TRUE,TRUE
27122,2712,1,COSTO,TRUE,TRUE
27123,2712,1,REVALUACIÓN,TRUE,TRUE
27124,2712,1,COSTO DE FINANCIACION,TRUE,TRUE
272,27,1,"INMUEBLES, MAQUINARIA Y EQUIPO",TRUE,TRUE
2721,272,1,TERRENOS,TRUE,TRUE
27211,2721,1,VALOR RAZONABLE,TRUE,TRUE
27212,2721,1,COSTO,TRUE,TRUE
27213,2721,1,REVALUACIÓN,TRUE,TRUE
2722,272,1,EDIFICACIONES,TRUE,TRUE
27221,2722,1,COSTO DE ADQUISICION O CONSTRUCCION,TRUE,TRUE
27222,2722,1,REVALUACIÓN,TRUE,TRUE
27223,2722,1,COSTO DE FINANCIACION,TRUE,TRUE
2723,272,1,MAQUINARIAS Y EQUIPOS DE EXPLOTACIÓN,TRUE,TRUE
27231,2723,1,COSTO DE ADQUISICION O CONSTRUCCION,TRUE,TRUE
27232,2723,1,REVALUACIÓN,TRUE,TRUE
27233,2723,1,COSTO DE FINANCIACION,TRUE,TRUE
2724,272,1,EQUIPO DE TRANSPORTE,TRUE,TRUE
27241,2724,1,COSTO,TRUE,TRUE
27242,2724,1,REVALUACIÓN,TRUE,TRUE
2725,272,1,MUEBLES Y ENSERES,TRUE,TRUE
27251,2725,1,COSTO,TRUE,TRUE
27252,2725,1,REVALUACIÓN,TRUE,TRUE
2726,272,1,EQUIPOS DIVERSOS,TRUE,TRUE
27261,2726,1,COSTO,TRUE,TRUE
27262,2726,1,REVALUACIÓN,TRUE,TRUE
2727,272,1,HERRAMIENTAS Y UNIDADES DE REEMPLAZO,TRUE,TRUE
27271,2727,1,COSTO,TRUE,TRUE
27272,2727,1,REVALUACIÓN,TRUE,TRUE
273,27,1,INTANGIBLES,TRUE,TRUE
2731,273,1,"CONCESIONES, LICENCIAS Y DERECHOS",TRUE,TRUE
27311,2731,1,COSTO,TRUE,TRUE
27312,2731,1,REVALUACIÓN,TRUE,TRUE
2732,273,1,PATENTES Y PROPIEDAD INDUSTRIAL,TRUE,TRUE
27321,2732,1,COSTO,TRUE,TRUE
27322,2732,1,REVALUACIÓN,TRUE,TRUE
2733,273,1,PROGRAMAS DE COMPUTADORA (SOFTWARE),TRUE,TRUE
27331,2733,1,COSTO,TRUE,TRUE
27332,2733,1,REVALUACIÓN,TRUE,TRUE
2734,273,1,COSTO DE EXPLORACION Y DESARROLLO,TRUE,TRUE
27341,2734,1,COSTO,TRUE,TRUE
27342,2734,1,REVALUACIÓN,TRUE,TRUE
2735,273,1,"FÓRMULAS, DISEÑOS Y PROTOTIPOS",TRUE,TRUE
27351,2735,1,COSTO,TRUE,TRUE
27352,2735,1,REVALUACIÓN,TRUE,TRUE
2736,273,1,RESERVAS DE RECURSOS EXTRAÍBLES,TRUE,TRUE
27361,2736,1,COSTO,TRUE,TRUE
37362,2736,1,REVALUACIÓN,TRUE,TRUE
2739,273,1,OTROS ACTIVOS INTANGIBLES,TRUE,TRUE
27391,2739,1,COSTO,TRUE,TRUE
37392,2739,1,REVALUACIÓN,TRUE,TRUE
274,27,1,ACTIVOS BIOLÓGICOS,TRUE,TRUE
2741,274,1,ACTIVOS BIOLÓGICOS EN PRODUCCIÓN,TRUE,TRUE
27411,2741,1,VALOR RAZONABLE,TRUE,TRUE
27412,2741,1,COSTO,TRUE,TRUE
27413,2741,1,COSTO DE FINANCIACION,TRUE,TRUE
2742,274,1,ACTIVOS BIOLÓGICOS EN DESARROLLO,TRUE,TRUE
27421,2742,1,VALOR RAZONABLE,TRUE,TRUE
27422,2742,1,COSTO,TRUE,TRUE
27423,2742,1,COSTO DE FINANCIACION,TRUE,TRUE
275,27,1,DEPRECIAION ACUMULADA - INVERSION INMOBILIARIA ,TRUE,TRUE
2752,275,1,EDIFICACIONES ,TRUE,TRUE
27521,2752,1,VALOR RAZONABLE,TRUE,TRUE
27522,2752,1,COSTO,TRUE,TRUE
27523,2752,1,REVALUACIÓN,TRUE,TRUE
276,27,1,DEPRECIAION ACUMULADA - INMUEBLE  MAQUINARIA Y EQUIPO ,TRUE,TRUE
2762,276,1,EDIFICACIONES ,TRUE,TRUE
27621,2762,1,COSTO DE ADQUISICION O CONSTRUCCION,TRUE,TRUE
27622,2762,1,REVALUACIÓN,TRUE,TRUE
27623,2762,1,COSTO DE FINANCIACION,TRUE,TRUE
2763,276,1,MAQUINARIAS Y EQUIPOS DE EXPLOTACIÓN,TRUE,TRUE
27631,2763,1,COSTO DE ADQUISICION O CONSTRUCCION,TRUE,TRUE
27632,2763,1,REVALUACIÓN,TRUE,TRUE
27633,2763,1,COSTO DE FINANCIACION,TRUE,TRUE
2764,276,1,EQUIPOS E TRANSPORTE ,TRUE,TRUE
27641,2764,1,COSTO ,TRUE,TRUE
27642,2764,1,REVALUACIÓN,TRUE,TRUE
2765,276,1,MUEBLES Y ENSERES,TRUE,TRUE
27651,2765,1,COSTO ,TRUE,TRUE
27652,2765,1,REVALUACIÓN,TRUE,TRUE
2766,276,1,EQUIPOS DIVERSOS ,TRUE,TRUE
27661,2766,1,COSTO ,TRUE,TRUE
27662,2766,1,REVALUACIÓN,TRUE,TRUE
2767,276,1,HERRAMIENTAS Y UNIDADES DE REEMPLAZO,TRUE,TRUE
27671,2767,1,COSTO ,TRUE,TRUE
27672,2767,1,REVALUACIÓN,TRUE,TRUE
277,27,1,AMORTIZACION ACUMULADA - INTANGIBLES ,TRUE,TRUE
2771,277,1,"CONCESIONES, LICENCIAS Y DERECHOS",TRUE,TRUE
27711,2771,1,COSTO ,TRUE,TRUE
27712,2771,1,REVALUACIÓN,TRUE,TRUE
2772,277,1,PATENTES Y PROPIEDAD INDUSTRIAL,TRUE,TRUE
27711,2772,1,COSTO ,TRUE,TRUE
27712,2772,1,REVALUACIÓN,TRUE,TRUE
2773,277,1,PROGRAMAS DE COMPUTADORA (SOFTWARE),TRUE,TRUE
27721,2773,1,COSTO ,TRUE,TRUE
27722,2773,1,REVALUACIÓN,TRUE,TRUE
2774,277,1,COSTO DE EXPLORACION Y DESARROLLO,TRUE,TRUE
27741,2774,1,COSTO ,TRUE,TRUE
27742,2774,1,REVALUACIÓN,TRUE,TRUE
2775,277,1,FORMULAS DISEÑOS Y PROTOTIPOS,TRUE,TRUE
27751,2775,1,COSTO ,TRUE,TRUE
27752,2775,1,REVALUACIÓN,TRUE,TRUE
2776,277,1,RESERVAS DE RECURSOS EXTRAIBLES ,TRUE,TRUE
27761,2776,1,COSTO ,TRUE,TRUE
27662,2776,1,REVALUACIÓN,TRUE,TRUE
2779,277,1,OTROS ACTIVOS ,TRUE,TRUE
27791,2779,1,COSTO ,TRUE,TRUE
27792,2779,1,REVALUACIÓN,TRUE,TRUE
278,27,1,DEPRECIACION ACUMULADA - ACTIVOS BIOLOGICOS ,TRUE,TRUE
2781,278,1,ACTIVOS BIOLOGICOS EN PRODUCCION ,TRUE,TRUE
27812,2781,1,COSTO ,TRUE,TRUE
2782,278,1,ACTIVOS BIOLOGICOS EN DESARROLLO,TRUE,TRUE
27822,2782,1,COSTO ,TRUE,TRUE
279,27,1,DESVALORIZACION ACUMULADA,TRUE,TRUE
2791,279,1,INVERSION INMOBILIARIA,TRUE,TRUE
27911,2791,1,TERRENOS,TRUE,TRUE
27912,2791,1,EDIFICACIONES ,TRUE,TRUE
2793,279,1,"INMUEBLES, MAQUINARIA Y EQUIPO",TRUE,TRUE
27931,2793,1,TERRENOS,TRUE,TRUE
27932,2793,1,EDIFICACIONES,TRUE,TRUE
27933,2793,1,MAQUINARIAS Y EQUIPOS DE EXPLOTACIÓN,TRUE,TRUE
27934,2793,1,EQUIPOS DE TRANSPORTE,TRUE,TRUE
27935,2793,1,MUEBLES Y ENSERES,TRUE,TRUE
27936,2793,1,EQUIPOS DIVERSOS ,TRUE,TRUE
27937,2793,1,HERRAMIENTAS Y UNIDADES DE REEMPLAZO,TRUE,TRUE
2794,279,1,INTANGIBLES ,TRUE,TRUE
27941,2794,1,"CONCESIONES, LICENCIAS Y DERECHOS",TRUE,TRUE
27942,2794,1,PATENTES Y PROPIEDAD INDUSTRIAL,TRUE,TRUE
27943,2794,1,PROGRAMAS DE COMPUTADORA (SOFTWARE),TRUE,TRUE
27944,2794,1,COSTO DE EXPLORACION Y DESARROLLO,TRUE,TRUE
27945,2794,1,FORMULAS DISEÑOS Y PROTOTIPOS,TRUE,TRUE
27946,2794,1,RESERVAS DE RECURSOS EXTRAIBLES ,TRUE,TRUE
2795,279,1,ACTIVOS BIOLOGICOS ,TRUE,TRUE
27951,2795,1,ACTIVOS BIOLOGICOS EN PRODUCCION ,TRUE,TRUE
27952,2795,1,ACTIVOS BIOLOGICOS ES DESARROLLO,TRUE,TRUE
28,null,1,EXISTENCIAS POR RECIBIR,TRUE,TRUE
281,28,1,MERCADERÍAS,TRUE,TRUE
284,28,1,MATERIAS PRIMAS,TRUE,TRUE
285,28,1,"MATERIALES AUXILIARES, SUMINISTROS Y REPUESTOS",TRUE,TRUE
286,28,1,ENVASES Y EMBALAJES,TRUE,TRUE
29,null,1,DESVALORIZACIÓN DE EXISTENCIAS,TRUE,TRUE
291,29,1,MERCADERÍAS,TRUE,TRUE
2911,291,1,MERCADERÍAS MANUFACTURADAS,TRUE,TRUE
2912,291,1,MERCADERÍAS DE EXTRACCIÓN,TRUE,TRUE
2913,291,1,MERCADERÍAS AGROPECUARIAS Y PISCÍCOLAS,TRUE,TRUE
2914,291,1,MERCADERÍAS INMUEBLES,TRUE,TRUE
2918,291,1,OTRAS MERCADERÍAS,TRUE,TRUE
292,29,1,PRODUCTOS TERMINADOS,TRUE,TRUE
2921,292,1,PRODUCTOS MANUFACTURADOS,TRUE,TRUE
2922,292,1,PRODUCTOS DE EXTRACCIÓN TERMINADOS,TRUE,TRUE
2923,292,1,PRODUCTOS AGROPECUARIOS Y PISCÍCOLAS TERMINADOS,TRUE,TRUE
2924,292,1,PRODUCTOS INMUEBLES,TRUE,TRUE
2925,292,1,EXISTENCIAS DE SERVICIOS TERMINADOS,TRUE,TRUE
2927,292,1,OTROS PRODUCTOS TERMINADOS,TRUE,TRUE
2928,292,1,COSTOS DE FINANCIACIÓN – PRODUCTOS TERMINADOS,TRUE,TRUE
293,29,1,"SUBPRODUCTOS, DESECHOS Y DESPERDICIOS",TRUE,TRUE
2931,293,1,SUBPRODUCTOS,TRUE,TRUE
2932,293,1,DESECHOS Y DESPERDICIOS,TRUE,TRUE
294,29,1,PRODUCTOS EN PROCESO,TRUE,TRUE
2941,294,1,PRODUCTOS EN PROCESO DE MANUFACTURA,TRUE,TRUE
2942,294,1,PRODUCTOS EXTRAÍDOS EN PROCESO DE TRANSFORMACIÓN ,TRUE,TRUE
2943,294,1,PRODUCTOS AGROPECUARIOS Y PISCÍCOLAS EN PROCESO,TRUE,TRUE
2944,294,1,PRODUCTOS INMUEBLES EN PROCESO,TRUE,TRUE
2945,294,1,EXISTENCIAS DE SERVICIOS EN PROCESO,TRUE,TRUE
2947,294,1,OTROS PRODUCTOS EN PROCESO,TRUE,TRUE
2948,294,1,COSTOS DE FINANCIACIÓN – PRODUCTOS EN PROCESO,TRUE,TRUE
295,29,1,MATERIAS PRIMAS,TRUE,TRUE
2951,295,1,MATERIAS PRIMAS PARA PRODUCTOS MANUFACTURADOS,TRUE,TRUE
2952,295,1,MATERIAS PRIMAS PARA PRODUCTOS DE EXTRACCIÓN,TRUE,TRUE
2953,295,1,MATERIAS PRIMAS PARA PRODUCTOS AGROPECUARIOS Y PISCÍCOLAS,TRUE,TRUE
2954,295,1,MATERIAS PRIMAS PARA PRODUCTOS INMUEBLES,TRUE,TRUE
296,29,1,"MATERIALES AUXILIARES, SUMINISTROS Y REPUESTOS",TRUE,TRUE
2961,296,1,MATERIALES AUXILIARES,TRUE,TRUE
2962,296,1,SUMINISTROS,TRUE,TRUE
2963,296,1,REPUESTOS,TRUE,TRUE
297,29,1,ENVASES Y EMBALAJES,TRUE,TRUE
2971,297,1,ENVASES,TRUE,TRUE
2972,297,1,EMBALAJES,TRUE,TRUE
298,29,1,EXISTENCIAS POR RECIBIR,TRUE,TRUE
2981,298,1,MERCADERÍAS,TRUE,TRUE
2982,298,1,MATERIAS PRIMAS,TRUE,TRUE
2983,298,1,"MATERIALES AUXILIARES, SUMINISTROS Y REPUESTOS",TRUE,TRUE
2984,298,1,ENVASES Y EMBALAJES,TRUE,TRUE
30,null,1,INVERSIONES MOBILIARIAS,TRUE,TRUE
301,30,1,INVERSIONES A SER MANTENIDAS HASTA EL VENCIMIENTO,TRUE,TRUE
3011,301,1,INSTRUMENTOS FINANCIEROS REPRESENTATIVOS DE DEUDA,TRUE,TRUE
30111,3011,1,VALORES EMITIDOS O GARANTIZADOS POR EL ESTADO,TRUE,TRUE
30112,3011,1,VALORES EMITIDOS POR EL SISTEMA FINANCIERO,TRUE,TRUE
30113,3011,1,VALORES EMITIDOS POR LAS EMPRESAS,TRUE,TRUE
30114,3011,1,OTROS TÍTULOS REPRESENTATIVOS DE DEUDA,TRUE,TRUE
302,30,1,INSTRUMENTOS FINANCIEROS REPRESENTATIVOS DE DERECHO PATRIMONIAL,TRUE,TRUE
3021,302,1,CERTIFICADOS DE SUSCRIPCIÓN PREFERENTE,TRUE,TRUE
3022,302,1,ACCIONES REPRESENTATIVAS DE CAPITAL SOCIAL - COMUNES,TRUE,TRUE
30221,3022,1,COSTO,TRUE,TRUE
30222,3022,1,VALOR RAZONABLE,TRUE,TRUE
30223,3022,1,PARTICIPACION PATRIMONIAL,TRUE,TRUE
3023,302,1,ACCIONES REPRESENTATIVAS DE CAPITAL SOCIAL - PREFERENTES,TRUE,TRUE
30231,3023,1,COSTO,TRUE,TRUE
30232,3023,1,VALOR RAZONABLE,TRUE,TRUE
30233,3023,1,PARTICIPACION PATRIMONIAL,TRUE,TRUE
3024,302,1,ACCIONES DE INVERSION,TRUE,TRUE
30241,3024,1,COSTO,TRUE,TRUE
30242,3024,1,VALOR RAZONABLE,TRUE,TRUE
30243,3024,1,PARTICIPACION PATRIMONIAL,TRUE,TRUE
3025,302,1,CERTIFICADOS DE PARTICIPACIÓN DE FONDOS DE INVERSION ,TRUE,TRUE
30251,3025,1,COSTO ,TRUE,TRUE
30242,3025,1,VALOR RAZONABLE,TRUE,TRUE
3026,302,1,CERTIFICADO DE PARTICIPACION EN FONDOS MUTUOS ,TRUE,TRUE
30261,3026,1,COSTO ,TRUE,TRUE
30262,3026,1,VALOR RAZONABLE,TRUE,TRUE
3027,302,1,PARTICIPACIONES EN ASOCIACIONES EN PARTICIPACION Y CONSORCIOS ,TRUE,TRUE
30271,3027,1,COSTO,TRUE,TRUE
30272,3027,1,VALOR RAZONABLE,TRUE,TRUE
30273,3027,1,PARTICIPACION PATRIMONIAL,TRUE,TRUE
3028,302,1,OTROS TÍTULOS REPRESENTATIVOS DE PATRIMONIO,TRUE,TRUE
30281,3028,1,COSTO ,TRUE,TRUE
30282,3028,1,VALOR RAZONABLE,TRUE,TRUE
308,30,1,INVERSIONES MOVILIARIAS - ACUERDO DE COMPRA,TRUE,TRUE
3081,308,1,INVERSIONES A SER MANTENIDAS HASTA EL VENCIMIENTO - ACUERDO DE COMPRA ,TRUE,TRUE
3082,308,1,INSTRUMENTOS FINANCIEROS REPRESENTATIVOS DE DERECHO PATRIMONIAL - ACUERDO DE COMPRA ,TRUE,TRUE
31,null,1,INVERSIONES INMOBILIARIAS,TRUE,TRUE
311,31,1,TERRENOS,TRUE,TRUE
3111,311,1,URBANOS,TRUE,TRUE
31111,3111,1,VALOR RAZONABLE,TRUE,TRUE
31112,3111,1,COSTO,TRUE,TRUE
31113,3111,1,REVALUACIÓN,TRUE,TRUE
3112,311,1,RURALES,TRUE,TRUE
31121,3112,1,VALOR RAZONABLE,TRUE,TRUE
31122,3112,1,COSTO,TRUE,TRUE
31123,3112,1,REVALUACIÓN,TRUE,TRUE
312,31,1,EDIFICACIONES,TRUE,TRUE
3121,312,1,EDIFICACIONES,TRUE,TRUE
31211,3121,1,VALOR RAZONABLE,TRUE,TRUE
31212,3121,1,COSTO,TRUE,TRUE
31213,3121,1,REVALUACIÓN,TRUE,TRUE
31214,3121,1,COSTOS DE FINANCIACIÓN – INVERSIONES INMOBILIARIAS,TRUE,TRUE
32,null,1,ACTIVOS ADQUIRIDOS EN ARRENDAMIENTO FINANCIERO,TRUE,TRUE
321,32,1,INVERSIONES INMOBILIARIAS,TRUE,TRUE
3211,321,1,TERRENOS,TRUE,TRUE
3212,321,1,EDIFICACIONES,TRUE,TRUE
322,32,1,"INMUEBLES, MAQUINARIA Y EQUIPO",TRUE,TRUE
3221,322,1,TERRENOS,TRUE,TRUE
3222,322,1,EDIFICACIONES,TRUE,TRUE
3223,322,1,MAQUINARIAS Y EQUIPOS DE EXPLOTACIÓN,TRUE,TRUE
3224,322,1,EQUIPO DE TRANSPORTE,TRUE,TRUE
3225,322,1,MUEBLES Y ENSERES,TRUE,TRUE
3226,322,1,EQUIPOS DIVERSOS,TRUE,TRUE
3227,322,1,HERRAMIENTAS Y UNIDADES DE REEMPLAZO,TRUE,TRUE
33,null,1,"INMUEBLES, MAQUINARIA Y EQUIPO",TRUE,TRUE
331,33,1,TERRENOS,TRUE,TRUE
3311,331,1,TERRENOS,TRUE,TRUE
33111,3311,1,COSTO,TRUE,TRUE
33112,3311,1,REVALUACIÓN,TRUE,TRUE
332,33,1,EDIFICACIONES,TRUE,TRUE
3321,332,1,EDIFICACIONES ADMINISTRATIVAS,TRUE,TRUE
33211,3321,1,COSTO DE ADQUISICIÓN O CONSTRUCCION,TRUE,TRUE
33212,3321,1,REVALUACIÓN,TRUE,TRUE
33213,3321,1,COSTO DE FINANCIACIÓN - EDIFICACIONES,TRUE,TRUE
3322,332,1,ALMACENES,TRUE,TRUE
33221,3322,1,COSTO DE ADQUISICIÓN O CONSTRUCCION ,TRUE,TRUE
33222,3322,1,REVALUACIÓN,TRUE,TRUE
33223,3322,1,COSTO DE FINANCIACIÓN - ALMACENES,TRUE,TRUE
3323,332,1,EDIFICACIONES PARA PRODUCCIÓN,TRUE,TRUE
33231,3323,1,COSTO DE ADQUISICIÓN O CONTRUCCION ,TRUE,TRUE
33232,3323,1,REVALUACIÓN,TRUE,TRUE
33233,3323,1,COSTO DE FINANCIACIÓN – EDIFICACIONES PARA PRODUCCIÓN,TRUE,TRUE
3324,332,1,INSTALACIONES,TRUE,TRUE
33241,3324,1,COSTO DE ADQUISICIÓN O CONTRUCCION ,TRUE,TRUE
33242,3324,1,REVALUACIÓN,TRUE,TRUE
33243,3324,1,COSTO DE FINANCIACIÓN – INSTALACIONES,TRUE,TRUE
333,33,1,MAQUINARIAS Y EQUIPOS DE EXPLOTACIÓN,TRUE,TRUE
3331,333,1,MAQUINARIAS Y EQUIPOS DE EXPLOTACIÓN,TRUE,TRUE
33311,3331,1,COSTO DE ADQUISICIÓN O CONSTRUCCION ,TRUE,TRUE
33312,3331,1,REVALUACIÓN,TRUE,TRUE
33313,3331,1,COSTO DE FINANCIACIÓN – MAQUINARIAS Y EQUIPOS DE EXPLOTACIÓN,TRUE,TRUE
334,33,1,EQUIPO DE TRANSPORTE,TRUE,TRUE
3341,334,1,VEHÍCULOS MOTORIZADOS,TRUE,TRUE
33411,3341,1,COSTO,TRUE,TRUE
33412,3341,1,REVALUACIÓN,TRUE,TRUE
3342,334,1,VEHÍCULOS NO MOTORIZADOS,TRUE,TRUE
33421,3342,1,COSTO,TRUE,TRUE
33422,3342,1,REVALUACIÓN,TRUE,TRUE
335,33,1,MUEBLES Y ENSERES,TRUE,TRUE
3351,335,1,MUEBLES,TRUE,TRUE
33511,3351,1,COSTO,TRUE,TRUE
33512,3351,1,REVALUACIÓN,TRUE,TRUE
3352,335,1,ENSERES,TRUE,TRUE
33521,3352,1,COSTO,TRUE,TRUE
33522,3352,1,REVALUACIÓN,TRUE,TRUE
336,33,1,EQUIPOS DIVERSOS,TRUE,TRUE
3361,336,1,EQUIPO PARA PROCESAMIENTO DE INFORMACIÓN (DE CÓMPUTO),TRUE,TRUE
33611,3361,1,COSTO,TRUE,TRUE
33612,3361,1,REVALUACIÓN,TRUE,TRUE
3362,336,1,EQUIPO DE COMUNICACIÓN,TRUE,TRUE
33621,3362,1,COSTO,TRUE,TRUE
33622,3362,1,REVALUACIÓN,TRUE,TRUE
3363,336,1,EQUIPO DE SEGURIDAD,TRUE,TRUE
33631,3363,1,COSTO,TRUE,TRUE
33632,3363,1,REVALUACIÓN,TRUE,TRUE
3369,336,1,OTROS EQUIPOS,TRUE,TRUE
33691,3369,1,COSTO,TRUE,TRUE
33692,3369,1,REVALUACIÓN,TRUE,TRUE
337,33,1,HERRAMIENTAS Y UNIDADES DE REEMPLAZO,TRUE,TRUE
3371,337,1,HERRAMIENTAS,TRUE,TRUE
33711,3371,1,COSTO,TRUE,TRUE
33712,3371,1,REVALUACIÓN,TRUE,TRUE
3372,337,1,UNIDADES DE REEMPLAZO,TRUE,TRUE
33721,3372,1,COSTO,TRUE,TRUE
33722,3372,1,REVALUACIÓN,TRUE,TRUE
338,33,1,UNIDADES POR RECIBIR,TRUE,TRUE
3381,338,1,MAQUINARIAS Y EQUIPOS DE EXPLOTACIÓN,TRUE,TRUE
3382,338,1,EQUIPO DE TRANSPORTE,TRUE,TRUE
3383,338,1,MUEBLES Y ENSERES,TRUE,TRUE
3386,338,1,EQUIPOS DIVERSOS,TRUE,TRUE
3387,338,1,HERRAMIENTAS Y UNIDADES DE REEMPLAZO,TRUE,TRUE
339,33,1,CONSTRUCCIONES Y OBRAS EN CURSO,TRUE,TRUE
3391,339,1,ADAPTACIÓN DE TERRENOS,TRUE,TRUE
3392,339,1,CONSTRUCCIONES EN CURSO,TRUE,TRUE
3393,339,1,MAQUINARIA EN MONTAJE,TRUE,TRUE
3394,339,1,INVERSIÓN INMOBILIARIA EN CURSO,TRUE,TRUE
3397,339,1,COSTO DE FINANCIACIÓN – INVERSIONES INMOBILIARIAS,TRUE,TRUE
33971,3397,1,COSTO DE FINANCIACIÓN - EDIFICACIONES,TRUE,TRUE
3398,339,1,"COSTO DE FINANCIACIÓN – INMUEBLES, MAQUINARIA Y EQUIPO",TRUE,TRUE
33981,3398,1,COSTO DE FINANCIACIÓN – EDIFICACIONES,TRUE,TRUE
33982,3398,1,COSTO DE FINANCIACIÓN – MAQUINARIAS Y EQUIPOS DE EXPLOTACIÓN,TRUE,TRUE
3399,339,1,OTROS ACTIVOS EN CURSO,TRUE,TRUE
34,null,1,INTANGIBLES,TRUE,TRUE
341,34,1,"CONCESIONES, LICENCIAS Y OTROS DERECHOS",TRUE,TRUE
3411,341,1,CONCESIONES,TRUE,TRUE
34111,3411,1,COSTO,TRUE,TRUE
34112,3411,1,REVALUACIÓN,TRUE,TRUE
3412,341,1,LICENCIAS,TRUE,TRUE
34121,3412,1,COSTO,TRUE,TRUE
34122,3412,1,REVALUACIÓN,TRUE,TRUE
3419,341,1,OTROS DERECHOS,TRUE,TRUE
34191,3419,1,COSTO,TRUE,TRUE
34192,3419,1,REVALUACIÓN,TRUE,TRUE
342,34,1,PATENTES Y PROPIEDAD INDUSTRIAL,TRUE,TRUE
3421,342,1,PATENTES,TRUE,TRUE
34211,3421,1,COSTO,TRUE,TRUE
34212,3421,1,REVALUACIÓN,TRUE,TRUE
3422,342,1,MARCAS,TRUE,TRUE
34221,3422,1,COSTO,TRUE,TRUE
34222,3422,1,REVALUACIÓN,TRUE,TRUE
343,34,1,PROGRAMAS DE COMPUTADORA (SOFTWARE),TRUE,TRUE
3431,343,1,APLICACIONES INFORMÁTICAS,TRUE,TRUE
34311,3431,1,COSTO,TRUE,TRUE
34312,3431,1,REVALUACIÓN,TRUE,TRUE
344,34,1,COSTOS DE EXPLORACIÓN Y DESARROLLO,TRUE,TRUE
3441,344,1,COSTOS DE EXPLORACIÓN,TRUE,TRUE
34411,3441,1,COSTO,TRUE,TRUE
34412,3441,1,REVALUACION,TRUE,TRUE
34413,3441,1,COSTO DE FINANCIACION,TRUE,TRUE
3442,344,1,COSTOS DE DESARROLLO,TRUE,TRUE
34421,3442,1,COSTO,TRUE,TRUE
34422,3442,1,REVALUACIÓN,TRUE,TRUE
34423,3442,1,COSTO DE FINANCIACION,TRUE,TRUE
345,34,1,"FÓRMULAS, DISEÑOS Y PROTOTIPOS",TRUE,TRUE
3451,345,1,FÓRMULAS,TRUE,TRUE
34511,3451,1,COSTO,TRUE,TRUE
34512,3451,1,REVALUACIÓN,TRUE,TRUE
3452,345,1,DISEÑOS Y PROTOTIPOS,TRUE,TRUE
34521,3452,1,COSTO,TRUE,TRUE
34522,3452,1,REVALUACIÓN,TRUE,TRUE
346,34,1,RESERVAS DE RECURSOS EXTRAÍBLES,TRUE,TRUE
3461,346,1,MINERALES,TRUE,TRUE
34611,3461,1,COSTO ,TRUE,TRUE
34612,3461,1,REVALUACION,TRUE,TRUE
3462,346,1,PETRÓLEO Y GAS,TRUE,TRUE
34621,3462,1,COSTO ,TRUE,TRUE
34622,3462,1,REVALUACION,TRUE,TRUE
3463,346,1,MADERA,TRUE,TRUE
34631,3463,1,COSTO ,TRUE,TRUE
34632,3463,1,REVALUACION,TRUE,TRUE
3469,346,1,OTROS RECURSOS EXTRAÍBLES,TRUE,TRUE
34691,3469,1,COSTO ,TRUE,TRUE
34692,3469,1,REVALUACION,TRUE,TRUE
347,34,1,PLUSVALÍA MERCANTIL,TRUE,TRUE
3471,347,1,PLUSVALÍA MERCANTIL,TRUE,TRUE
349,34,1,OTROS ACTIVOS INTANGIBLES,TRUE,TRUE
3491,349,1,OTROS ACTIVOS INTANGIBLES,TRUE,TRUE
34911,3491,1,COSTO ,TRUE,TRUE
34912,3491,1,REVALUACION,TRUE,TRUE
35,null,1,ACTIVOS BIOLÓGICOS,TRUE,TRUE
351,35,1,ACTIVOS BIOLÓGICOS EN PRODUCCIÓN,TRUE,TRUE
3511,351,1,DE ORIGEN ANIMAL,TRUE,TRUE
35111,3511,1,VALOR RAZONABLE,TRUE,TRUE
35112,3511,1,COSTO,TRUE,TRUE
35113,3511,1,COSTO DE FINANCIACION,TRUE,TRUE
3512,351,1,DE ORIGEN VEGETAL,TRUE,TRUE
35121,3512,1,VALOR RAZONABLE,TRUE,TRUE
35122,3512,1,COSTO,TRUE,TRUE
35123,3512,1,COSTO DE FINANCIACION,TRUE,TRUE
352,35,1,ACTIVOS BIOLÓGICOS EN DESARROLLO,TRUE,TRUE
3521,352,1,DE ORIGEN ANIMAL,TRUE,TRUE
35211,3521,1,VALOR RAZONABLE,TRUE,TRUE
35212,3521,1,COSTO,TRUE,TRUE
35213,3521,1,COSTO DE FINANCIACIÓN ,TRUE,TRUE
3522,352,1,DE ORIGEN VEGETAL,TRUE,TRUE
35221,3522,1,VALOR RAZONABLE,TRUE,TRUE
35222,3522,1,COSTO,TRUE,TRUE
35223,3522,1,COSTO DE FINANCIACIÓN ,TRUE,TRUE
36,null,1,DESVALORIZACIÓN DE ACTIVO INMOVILIZADO,TRUE,TRUE
361,36,1, DESVALORIZACION DE INVERSIONES INMOBILIARIAS,TRUE,TRUE
3611,361,1,TERRENOS,TRUE,TRUE
3612,361,1,EDIFICACIONES,TRUE,TRUE
36121,3612,1,EDIFICACIONES - COSTO DE DE ADQUISICION O CONSTRUCCIÓN,TRUE,TRUE
36122,3612,1,EDIFICACIONES - COSTO DE FINANCIACIÓN,TRUE,TRUE
363,36,1,"DESVALORIZACION DE INMUEBLES, MAQUINARIA Y EQUIPO",TRUE,TRUE
3631,363,1,TERRENOS,TRUE,TRUE
3632,363,1,EDIFICACIONES,TRUE,TRUE
36321,3632,1,EDIFICACIONES - COSTO DE ADQUISICION O CONSTRUCCIÓN,TRUE,TRUE
36322,3632,1,EDIFICACIONES - COSTO DE FINANCIACIÓN,TRUE,TRUE
3633,363,1,MAQUINARIAS Y EQUIPOS DE EXPLOTACIÓN,TRUE,TRUE
36331,3633,1,MAQUINARIAS Y EQUIPOS DE EXPLOTACIÓN - COSTO DE ADQUISICION O CONSTRUCCIÓN,TRUE,TRUE
36332,3633,1,MAQUINARIAS Y EQUIPOS DE EXPLOTACIÓN - COSTO DE FINANCIACIÓN,TRUE,TRUE
3634,363,1,EQUIPO DE TRANSPORTE,TRUE,TRUE
3635,363,1,MUEBLES Y ENSERES,TRUE,TRUE
3636,363,1,EQUIPOS DIVERSOS,TRUE,TRUE
3637,363,1,HERRAMIENTAS Y UNIDADES DE REEMPLAZO,TRUE,TRUE
364,36,1,DESVALORIZAACION DE INTANGIBLES,TRUE,TRUE
3641,364,1,"CONCESIONES, LICENCIAS Y OTROS DERECHOS",TRUE,TRUE
3642,364,1,PATENTES Y PROPIEDAD INDUSTRIAL,TRUE,TRUE
3643,364,1,PROGRAMAS DE COMPUTADORA (SOFTWARE),TRUE,TRUE
3644,364,1,COSTOS DE EXPLORACIÓN Y DESARROLLO,TRUE,TRUE
36441,3644,1,COSTO ,TRUE,TRUE
36442,3644,1,COSTO DE FINANCIACION,TRUE,TRUE
3645,364,1,"FÓRMULAS, DISEÑOS Y PROTOTIPOS",TRUE,TRUE
3647,364,1,PLUSVALÍA MERCANTIL,TRUE,TRUE
3649,364,1,OTROS ACTIVOS INTANGIBLES,TRUE,TRUE
365,36,1,DESVALORIZACION DE ACTIVOS BIOLÓGICOS,TRUE,TRUE
3651,365,1,ACTIVOS BIOLÓGICOS EN PRODUCCIÓN,TRUE,TRUE
3652,365,1,ACTIVOS BIOLÓGICOS EN DESARROLLO,TRUE,TRUE
36521,3652,1,COSTO,TRUE,TRUE
36522,3652,1,COSTO DE FINANCIACIÓN,TRUE,TRUE
366,36,1,DESVALORIZACION DE INVERSIONES INMOBOLIARIAS ,TRUE,TRUE
3661,366,1,INVERSIONES A SER MANTENIDAS HASTA EL VENCIMIENTO ,TRUE,TRUE
3662,366,1,INVERSIONES FINANCERAS REPRESENTATIVAS DE DERECHO PATRIMONIAL,TRUE,TRUE
37,null,1,ACTIVO DIFERIDO,TRUE,TRUE
371,37,1,IMPUESTO A LA RENTA DIFERIDO,TRUE,TRUE
3711,371,1,IMPUESTO A LA RENTA DIFERIDO - PATRIMONIO,TRUE,TRUE
3712,371,1,IMPUESTO A LA RENTA DIFERIDO - RESUSLTADOS ,TRUE,TRUE
372,37,1,PARTICIPACIONES DE LOS TRABAJADORES DIFERIDAS ,TRUE,TRUE
3721,372,1,PARTICIPACIONES DE LOS TRABAJADORES DIFERIDAS - PATRIMONIO,TRUE,TRUE
3722,372,1,PARTICIPACIONES DE LOS TRABAJADORES DIFERIDAS - RESULTADOS,TRUE,TRUE
373,37,1,INTERESES DIFERIDOS,TRUE,TRUE
3731,373,1,INTERESES NO DEVENGADOS EN TRANSACCIONES CON TERCEROS,TRUE,TRUE
3732,373,1,INTERESES NO DEVENGADOS EN MEDICIÓN A VALOR DESCONTADO,TRUE,TRUE
38,null,1,OTROS ACTIVOS,TRUE,TRUE
381,38,1,BIENES DE ARTE Y CULTURA,TRUE,TRUE
3811,381,1,OBRAS DE ARTE,TRUE,TRUE
3812,381,1,BIBLIOTECA,TRUE,TRUE
3813,381,1,OTROS,TRUE,TRUE
382,38,1,DIVERSOS,TRUE,TRUE
3821,382,1,MONEDAS Y JOYAS,TRUE,TRUE
3822,382,1,BIENES ENTREGADOS EN COMODATO,TRUE,TRUE
3823,382,1,BIENES RECIBIDOS EN PAGO (ADJUDICADOS Y REALIZABLES),TRUE,TRUE
3829,382,1,OTROS,TRUE,TRUE
39,null,2,"DEPRECIACIÓN, AMORTIZACIÓN Y AGOTAMIENTO ACUMULADOS",TRUE,TRUE
391,39,2,DEPRECIACIÓN ACUMULADA,TRUE,TRUE
3911,391,2,INVERSIONES INMOBILIARIAS,TRUE,TRUE
39111,3911,2,EDIFICACIONES - COSTO DE ADQUISICIÓN O CONSTRUCCIÓN,TRUE,TRUE
39112,3911,2,EDIFICACIONES - REVALUACIÓN,TRUE,TRUE
39113,3911,2,EDIFICACIONES - COSTO DE FINANCIACIÓN,TRUE,TRUE
3912,391,2,ACTIVOS ADQUIRIDOS EN ARRENDAMIENTO FINANCIERO,TRUE,TRUE
39121,3912,2,INVERSIONES INMOBILIARIAS - EDIFICACIONES,TRUE,TRUE
39122,3912,2,"INMUEBLES, MAQUINARIA Y EQUIPO - EDIFICACIONES",TRUE,TRUE
39123,3912,2,"INMUEBLES, MAQUINARIA Y EQUIPO - MAQUINARIAS Y EQUIPOS DE EXPLOTACIÓN",TRUE,TRUE
39124,3912,2,"INMUEBLES, MAQUINARIA Y EQUIPO - EQUIPOS DE TRANSPORTE",TRUE,TRUE
39126,3912,2,"INMUEBLES, MAQUINARIA Y EQUIPO - EQUIPOS DIVERSOS",TRUE,TRUE
3913,391,2,"INMUEBLES, MAQUINARIA Y EQUIPO - COSTO",TRUE,TRUE
39131,3913,2,EDIFICACIONES,TRUE,TRUE
39132,3913,2,MAQUINARIAS Y EQUIPOS DE EXPLOTACIÓN,TRUE,TRUE
39133,3913,2,EQUIPO DE TRANSPORTE,TRUE,TRUE
39134,3913,2,MUEBLES Y ENSERES,TRUE,TRUE
39135,3913,2,EQUIPOS DIVERSOS,TRUE,TRUE
39136,3913,2,HERRAMIENTAS Y UNIDADES DE REEMPLAZO,TRUE,TRUE
3914,391,2,"INMUEBLES, MAQUINARIA Y EQUIPO - REVALUACIÓN",TRUE,TRUE
39141,3914,2,EDIFICACIONES,TRUE,TRUE
39142,3914,2,MAQUINARIAS Y EQUIPOS DE EXPLOTACIÓN,TRUE,TRUE
39143,3914,2,EQUIPO DE TRANSPORTE,TRUE,TRUE
39144,3914,2,MUEBLES Y ENSERES,TRUE,TRUE
39145,3914,2,EQUIPOS DIVERSOS,TRUE,TRUE
39146,3914,2,HERRAMIENTAS Y UNIDADES DE REEMPLAZO,TRUE,TRUE
3915,391,2,"INMUEBLES, MAQUINARIA Y EQUIPO – COSTO DE FINANCIACIÓN",TRUE,TRUE
39151,3915,2,EDIFICACIONES,TRUE,TRUE
39152,3915,2,MAQUINARIAS Y EQUIPOS DE EXPLOTACIÓN,TRUE,TRUE
3916,391,2,ACTIVOS BIOLÓGICOS EN PRODUCCIÓN – COSTO,TRUE,TRUE
39161,3916,2,ACTIVOS BIOLÓGICOS DE ORIGEN ANIMAL,TRUE,TRUE
39162,3916,2,ACTIVOS BIOLÓGICOS DE ORIGEN VEGETAL,TRUE,TRUE
3917,391,2,ACTIVOS BIOLÓGICOS EN PRODUCCIÓN – COSTO DE FINANCIACIÓN,TRUE,TRUE
39171,3917,2,ACTIVOS BIOLÓGICOS DE ORIGEN ANIMAL,TRUE,TRUE
39172,3917,2,ACTIVOS BIOLÓGICOS DE ORIGEN VEGETAL,TRUE,TRUE
392,39,2,AMORTIZACIÓN ACUMULADA,TRUE,TRUE
3921,392,2,INTANGIBLES - COSTO,TRUE,TRUE
39211,3921,2,"CONCESIONES, LICENCIAS Y OTROS DERECHOS",TRUE,TRUE
39212,3921,2,PATENTES Y PROPIEDAD INDUSTRIAL,TRUE,TRUE
39213,3921,2,PROGRAMAS DE COMPUTADORA (SOFTWARE),TRUE,TRUE
39214,3921,2,COSTOS DE EXPLORACIÓN Y DESARROLLO,TRUE,TRUE
39215,3921,2,"FÓRMULAS, DISEÑOS Y PROTOTIPOS",TRUE,TRUE
39219,3921,2,OTROS ACTIVOS INTANGIBLES,TRUE,TRUE
3922,392,2,INTANGIBLES - REVALUACIÓN,TRUE,TRUE
39221,3922,2,"CONCESIONES, LICENCIAS Y OTROS DERECHOS",TRUE,TRUE
39222,3922,2,PATENTES Y PROPIEDAD INDUSTRIAL,TRUE,TRUE
39223,3922,2,PROGRAMAS DE COMPUTADORA (SOFTWARE),TRUE,TRUE
39224,3922,2,COSTO DE EXPLORACION Y DESARROLLO,TRUE,TRUE
39225,3922,2,"FÓRMULAS, DISEÑOS Y PROTOTIPOS",TRUE,TRUE
39229,3922,2,OTROS ACTIVOS INTANGIBLES,TRUE,TRUE
3923,392,2,INTAGIBLES - COSTO DE FINANCIACION ,TRUE,TRUE
39234,3923,2,COSTO DE EXPLORACION Y DESARROLLO,TRUE,TRUE
393,39,2,AGOTAMIENTO ACUMULADO,TRUE,TRUE
3931,393,2,AGOTAMIENTO DE RESERVAS DE RECURSOS EXTRAÍBLES,TRUE,TRUE
40,null,2,TRIBUTOS Y APORTES AL SISTEMA DE PENSIONES Y DE SALUD POR PAGAR,TRUE,TRUE
401,40,2,GOBIERNO CENTRAL,TRUE,TRUE
4011,401,2,IMPUESTO GENERAL A LAS VENTAS,TRUE,TRUE
40111,4011,2,IGV - CUENTA PROPIA,TRUE,TRUE
40112,4011,2,IGV - SERVICIOS PRESTADOS POR NO DOMICILIADOS,TRUE,TRUE
40113,4011,2,IGV - RÉGIMEN DE PERCEPCIONES,TRUE,TRUE
40114,4011,2,IGV - RÉGIMEN DE RETENCIONES,TRUE,TRUE
4012,401,2,IMPUESTO SELECTIVO AL CONSUMO,TRUE,TRUE
4015,401,2,DERECHOS ADUANEROS,TRUE,TRUE
40151,4015,2,DERECHOS ARANCELARIOS,TRUE,TRUE
40152,4015,2,DERECHOS ADUANEROS POR VENTAS,TRUE,TRUE
4017,401,2,IMPUESTO A LA RENTA,TRUE,TRUE
40171,4017,2,RENTA DE TERCERA CATEGORÍA,TRUE,TRUE
40172,4017,2,RENTA DE CUARTA CATEGORÍA,TRUE,TRUE
40173,4017,2,RENTA DE QUINTA CATEGORÍA,TRUE,TRUE
40174,4017,2,RENTA DE NO DOMICILIADOS,TRUE,TRUE
40175,4017,2,OTRAS RETENCIONES,TRUE,TRUE
4018,401,2,OTROS IMPUESTOS Y CONTARPRESTACIONE ,TRUE,TRUE
40181,4018,2,IMPUESTO A LAS TRANSACCIONES FINANCIERAS,TRUE,TRUE
40182,4018,2,IMPUESTO A LOS JUEGOS DE CASINO Y TRAGAMONEDAS,TRUE,TRUE
40183,4018,2,TASAS POR LA PRESTACIÓN DE SERVICIOS PÚBLICOS,TRUE,TRUE
40184,4018,2,REGALÍAS,TRUE,TRUE
40185,4018,2,IMPUESTO A LOS DIVIDENDOS,TRUE,TRUE
40186,4018,2,IMPUESTO TEMPORAL A LOS ACTIVOS NETOS ,TRUE,TRUE
40189,4018,2,OTROS IMPUESTOS    ,TRUE,TRUE
402,40,2,CERTIFICADOS TRIBUTARIOS,TRUE,TRUE
403,40,2,INSTITUCIONES PÚBLICAS,TRUE,TRUE
4031,403,2,ESSALUD,TRUE,TRUE
4032,403,2,ONP,TRUE,TRUE
4033,403,2,CONTRIBUCIÓN AL SENATI,TRUE,TRUE
4034,403,2,CONTRIBUCIÓN AL SENCICO,TRUE,TRUE
4039,403,2,OTRAS INSTITUCIONES,TRUE,TRUE
405,40,2,GOBIERNOS REGIONALES,TRUE,TRUE
406,40,2,GOBIERNOS LOCALES,TRUE,TRUE
4061,406,2,IMPUESTOS,TRUE,TRUE
40611,4061,2,IMPUESTO AL PATRIMONIO VEHICULAR,TRUE,TRUE
40612,4061,2,IMPUESTO A LAS APUESTAS,TRUE,TRUE
40613,4061,2,IMPUESTO A LOS JUEGOS,TRUE,TRUE
40614,4061,2,IMPUESTO DE ALCABALA,TRUE,TRUE
40615,4061,2,IMPUESTO PREDIAL,TRUE,TRUE
40616,4061,2,IMPUESTO A LOS ESPECTÁCULOS PÚBLICOS NO DEPORTIVOS,TRUE,TRUE
4062,406,2,CONTRIBUCIONES,TRUE,TRUE
4063,406,2,TASAS,TRUE,TRUE
40631,4063,2,LICENCIA DE APERTURA DE ESTABLECIMIENTOS,TRUE,TRUE
40632,4063,2,TRANSPORTE PÚBLICO,TRUE,TRUE
40633,4063,2,ESTACIONAMIENTO DE VEHÍCULOS,TRUE,TRUE
40634,4063,2,SERVICIOS PÚBLICOS O ARBITRIOS,TRUE,TRUE
40635,4063,2,SERVICIOS ADMINISTRATIVOS O DERECHOS,TRUE,TRUE
407,40,2,ADMINISTRADORAS DE FONDOS DE PENSIONES,TRUE,TRUE
408,40,2,EMPRESAS PRESTADORAS DE SERVICIOS DE SALUD,TRUE,TRUE
4081,408,2,CUENTA PROPIA,TRUE,TRUE
4082,408,2,CUENTA DE TERCEROS,TRUE,TRUE
409,40,2,OTROS COSTOS ADMINISTRATIVOS E INTERESES,TRUE,TRUE
41,null,2,REMUNERACIONES Y PARTICIPACIONES POR PAGAR,TRUE,TRUE
411,41,2,REMUNERACIONES POR PAGAR,TRUE,TRUE
4111,411,2,SUELDOS Y SALARIOS POR PAGAR,TRUE,TRUE
4112,411,2,COMISIONES POR PAGAR,TRUE,TRUE
4113,411,2,REMUNERACIONES EN ESPECIE POR PAGAR,TRUE,TRUE
4114,411,2,GRATIFICACIONES POR PAGAR,TRUE,TRUE
4115,411,2,VACACIONES POR PAGAR,TRUE,TRUE
413,41,2,PARTICIPACIÓN DE LOS TRABAJADORES POR PAGAR,TRUE,TRUE
415,41,2,BENEFICIOS SOCIALES DE LOS TRABAJADORES POR PAGAR,TRUE,TRUE
4151,415,2,COMPENSACIÓN POR TIEMPO DE SERVICIOS,TRUE,TRUE
4152,415,2,ADELANTO DE COMPENSACIÓN POR TIEMPO DE SERVICIOS,TRUE,TRUE
4153,415,2,PENSIONES Y JUBILACIONES,TRUE,TRUE
419,41,2,OTRAS REMUNERACIONES Y PARTICIPACIONES POR PAGAR,TRUE,TRUE
42,null,2,CUENTAS POR PAGAR COMERCIALES – TERCEROS,TRUE,TRUE
421,42,2,"FACTURAS, BOLETAS Y OTROS COMPROBANTES POR PAGAR",TRUE,TRUE
4211,421,2,NO EMITIDAS,TRUE,TRUE
4212,421,2,EMITIDAS,TRUE,TRUE
422,42,2,ANTICIPOS A PROVEEDORES,TRUE,TRUE
423,42,2,LETRAS POR PAGAR,TRUE,TRUE
424,42,2,HONORARIOS POR PAGAR,TRUE,TRUE
43,null,2,CUENTAS POR PAGAR COMERCIALES – RELACIONADAS,TRUE,TRUE
431,43,2,"FACTURAS, BOLETAS Y OTROS COMPROBANTES POR PAGAR",TRUE,TRUE
4311,431,2,NO EMITIDAS,TRUE,TRUE
43111,4311,2,MATRIZ,TRUE,TRUE
43112,4311,2,SUBSIDIARIAS,TRUE,TRUE
43113,4311,2,ASOCIADAS,TRUE,TRUE
43114,4311,2,SUCURSALES,TRUE,TRUE
43115,4311,2,OTROS,TRUE,TRUE
4312,431,2,EMITIDAS,TRUE,TRUE
43121,4312,2,MATRIZ,TRUE,TRUE
43122,4312,2,SUBSIDIARIAS,TRUE,TRUE
43123,4312,2,ASOCIADAS,TRUE,TRUE
43124,4312,2,SUCURSALES,TRUE,TRUE
43125,4312,2,OTROS,TRUE,TRUE
432,43,2,ANTICIPOS OTORGADOS,TRUE,TRUE
4321,432,2,ANTCIPOS OTORGADOS,TRUE,TRUE
43211,4321,2,MATRIZ,TRUE,TRUE
43212,4321,2,SUBSIDIARIAS,TRUE,TRUE
43213,4321,2,ASOCIADAS,TRUE,TRUE
43214,4321,2,SUCURSALES,TRUE,TRUE
43215,4321,2,OTROS,TRUE,TRUE
433,43,2,LETRAS POR PAGAR,TRUE,TRUE
4331,433,2,LETRAS POR PAGAR,TRUE,TRUE
43311,4331,2,MATRIZ,TRUE,TRUE
43312,4331,2,SUBSIDIARIAS,TRUE,TRUE
43313,4331,2,ASOCIADAS,TRUE,TRUE
43314,4331,2,SUCURSALES,TRUE,TRUE
43315,4331,2,OTROS,TRUE,TRUE
434,43,2,HONORARIOS POR PAGAR,TRUE,TRUE
4341,434,2,HONORARIOS POR PAGAR,TRUE,TRUE
43411,4341,2,MATRIZ,TRUE,TRUE
43412,4341,2,SUBSIDIARIAS,TRUE,TRUE
43413,4341,2,ASOCIADAS,TRUE,TRUE
43414,4341,2,SUCURSALES,TRUE,TRUE
43415,4341,2,OTROS,TRUE,TRUE
44,null,2,"CUENTAS POR PAGAR A LOS ACCIONISTAS, DIRECTORES Y GERENTES",TRUE,TRUE
441,44,2,ACCIONISTAS (O SOCIOS),TRUE,TRUE
4411,441,2,PRÉSTAMOS,TRUE,TRUE
4412,441,2,DIVIDENDOS,TRUE,TRUE
4419,441,2,OTRAS CUENTAS POR PAGAR,TRUE,TRUE
442,44,2,DIRECTORES,TRUE,TRUE
4421,442,2,DIETAS,TRUE,TRUE
4429,442,2,OTRAS CUENTAS POR PAGAR,TRUE,TRUE
443,44,2,GERENTES,TRUE,TRUE
45,null,2,OBLIGACIONES FINANCIERAS,TRUE,TRUE
451,45,2,PRÉSTAMOS DE INSTITUCIONES FINANCIERAS Y OTRAS ENTIDADES,TRUE,TRUE
4511,451,2,INSTITUCIONES FINANCIERAS,TRUE,TRUE
4512,451,2,OTRAS ENTIDADES,TRUE,TRUE
452,45,2,CONTRATOS DE ARRENDAMIENTO FINANCIERO,TRUE,TRUE
453,45,2,OBLIGACIONES EMITIDAS,TRUE,TRUE
4531,453,2,BONOS EMITIDOS ,TRUE,TRUE
4532,453,2,BONOS TITULIZADOS,TRUE,TRUE
4533,453,2,PAPELES COMERCIALES,TRUE,TRUE
4539,453,2,OTRAS OBLIGACIONES   ,TRUE,TRUE
454,45,2,OTROS INSTRUMENTOS FINANCIEROS POR PAGAR,TRUE,TRUE
4541,454,2,LETRAS,TRUE,TRUE
4542,454,2,PAPELES COMERCIALES,TRUE,TRUE
4543,454,2,BONOS,TRUE,TRUE
4544,454,2,PAGARÉS,TRUE,TRUE
4545,454,2,FACTURAS CONFORMADAS,TRUE,TRUE
4549,454,2,OTRAS OBLIGACIONES FINANCIERAS,TRUE,TRUE
455,45,2,COSTOS DE FINANCIACIÓN POR PAGAR,TRUE,TRUE
4551,455,2,PRÉSTAMOS DE INSTITUCIONES FINANCIERAS Y OTRAS ENTIDADES,TRUE,TRUE
45511,4551,2,INSTITUCIONES FINANCIERAS,TRUE,TRUE
45512,4551,2,OTRAS ENTIDADES,TRUE,TRUE
4552,455,2,CONTRATOS DE ARRENDAMIENTO FINANCIERO,TRUE,TRUE
4553,455,2,OBLIGACIONES EMITIDAS,TRUE,TRUE
45531,4553,2,BONOS EMITIDOS ,TRUE,TRUE
45532,4553,2,BONOS TITULIZADOS,TRUE,TRUE
45533,4553,2,PAPELES COMERCIALES,TRUE,TRUE
45539,4553,2,OTRAS OBLIGACIONES   ,TRUE,TRUE
4554,455,2,OTROS INSTRUMENTOS FINANCIEROS POR PAGAR,TRUE,TRUE
45541,4554,2,LETRAS,TRUE,TRUE
45542,4554,2,PAPELES COMERCIALES,TRUE,TRUE
45543,4554,2,BONOS,TRUE,TRUE
45544,4554,2,PAGARÉS,TRUE,TRUE
45545,4554,2,FACTURAS CONFORMADAS,TRUE,TRUE
45549,4554,2,OTRAS OBLIGACIONES FINANCIERAS,TRUE,TRUE
456,45,2,PRÉSTAMOS CON COMPROMISOS DE RECOMPRA,TRUE,TRUE
46,null,2,CUENTAS POR PAGAR DIVERSAS – TERCEROS,TRUE,TRUE
461,46,2,RECLAMACIONES DE TERCEROS,TRUE,TRUE
464,46,2,PASIVOS POR INSTRUMENTOS FINANCIEROS DERIVADOS,TRUE,TRUE
4641,464,2,INSTRUMENTOS FINANCEROS PRIMARIOS,TRUE,TRUE
4642,464,2,INSTRUMENTOS FIANNCIEROS DERIVADOS ,TRUE,TRUE
46421,4642,2,CARTERA DE NEGOCIACION  ,TRUE,TRUE
46422,4642,2,INSTRUMENTOS DE COERTURA ,TRUE,TRUE
465,46,2,PASIVOS POR COMPRA DE ACTIVO INMOVILIZADO,TRUE,TRUE
4651,465,2,INVESIONES MOVILIARIAS,TRUE,TRUE
4652,465,2,INVERSIONES INMOBILIARIAS,TRUE,TRUE
4653,465,2,ACTIVOS ADQUIRIDOS EN ARRENDAMIENTO FINANCIERO,TRUE,TRUE
4654,465,2,INMUEBLE MAQUINARIAS Y EQUIPOS ,TRUE,TRUE
4655,465,2,INTANGIBLES,TRUE,TRUE
4656,465,2,ACTIVOS BIOLOGICOS,TRUE,TRUE
467,46,2,DEPÓSITOS RECIBIDOS EN GARANTÍA,TRUE,TRUE
469,46,2,OTRAS CUENTAS POR PAGAR DIVERSAS,TRUE,TRUE
4691,469,2,SUBSIDIOS GUBERNAMENTALES,TRUE,TRUE
4692,469,2,DONACIONES CONDICIONADAS,TRUE,TRUE
4699,469,2,OTRAS CUENTAS POR PAGAR ,TRUE,TRUE
47,null,2,CUENTAS POR PAGAR DIVERSAS – RELACIONADAS,TRUE,TRUE
471,47,2,PRÉSTAMOS,TRUE,TRUE
4711,471,2,MATRIZ,TRUE,TRUE
4712,471,2,SUBSIDIARIAS,TRUE,TRUE
4713,471,2,ASOCIADAS,TRUE,TRUE
4714,471,2,SUCURSALES,TRUE,TRUE
4715,471,2,OTRAS,TRUE,TRUE
472,47,2,COSTOS DE FINANCIACIÓN,TRUE,TRUE
4721,472,2,MATRIZ,TRUE,TRUE
4722,472,2,SUBSIDIARIAS,TRUE,TRUE
4723,472,2,ASOCIADAS,TRUE,TRUE
4724,472,2,SUCURSALES,TRUE,TRUE
4725,472,2,OTRAS,TRUE,TRUE
473,47,2,ANTICIPOS RECIBIDOS,TRUE,TRUE
4731,473,2,MATRIZ,TRUE,TRUE
4732,473,2,SUBSIDIARIAS,TRUE,TRUE
4733,473,2,ASOCIADAS,TRUE,TRUE
4734,473,2,SUCURSALES,TRUE,TRUE
4734,473,2,OTRAS,TRUE,TRUE
474,47,2,REGALÍAS,TRUE,TRUE
4741,474,2,MATRIZ,TRUE,TRUE
4742,474,2,SUBSIDIARIAS,TRUE,TRUE
4743,474,2,ASOCIADAS,TRUE,TRUE
4744,474,2,SUCURSALES,TRUE,TRUE
4745,474,2,OTRAS,TRUE,TRUE
475,47,2,DIVIDENDOS,TRUE,TRUE
4751,475,2,MATRIZ,TRUE,TRUE
4752,475,2,SUBSIDIARIAS,TRUE,TRUE
4753,475,2,ASOCIADAS,TRUE,TRUE
4754,475,2,SUCURSALES,TRUE,TRUE
4755,475,2,OTRAS,TRUE,TRUE
477,47,2,PASIVO POR COMPRA DE ACTIVO INMOVILIZADO,TRUE,TRUE
4771,477,2,INVERSIONES MOBILIARIAS   ,TRUE,TRUE
47711,4771,2,MATRIZ,TRUE,TRUE
47712,4771,2,SUBSIDIARIAS,TRUE,TRUE
47713,4771,2,ASOCIADAS,TRUE,TRUE
47714,4771,2,SUCURSALES,TRUE,TRUE
47715,4771,2,OTRAS,TRUE,TRUE
4772,477,2,INVERSIONES INMOBILIARIAS,TRUE,TRUE
47721,4772,2,MATRIZ,TRUE,TRUE
47722,4772,2,SUBSIDIARIAS,TRUE,TRUE
47723,4772,2,ASOCIADAS,TRUE,TRUE
47724,4772,2,SUCURSALES,TRUE,TRUE
47725,4772,2,OTRAS,TRUE,TRUE
4773,477,2,ACTIVOS ADQUIRIDOS EN ARRENDAMIENTO FINANCIERO,TRUE,TRUE
47731,4773,2,MATRIZ,TRUE,TRUE
47732,4773,2,SUBSIDIARIAS,TRUE,TRUE
47733,4773,2,ASOCIADAS,TRUE,TRUE
47734,4773,2,SUCURSALES,TRUE,TRUE
47735,4773,2,OTRAS,TRUE,TRUE
4774,477,2,INMUEBLE MAQUINARIAS Y EQUIPOS ,TRUE,TRUE
47741,4774,2,MATRIZ,TRUE,TRUE
47742,4774,2,SUBSIDIARIAS,TRUE,TRUE
47743,4774,2,ASOCIADAS,TRUE,TRUE
47744,4774,2,SUCURSALES,TRUE,TRUE
47745,4774,2,OTRAS,TRUE,TRUE
4775,477,2,INTANGIBLES,TRUE,TRUE
47751,4775,2,MATRIZ,TRUE,TRUE
47752,4775,2,SUBSIDIARIAS,TRUE,TRUE
47753,4775,2,ASOCIADAS,TRUE,TRUE
47754,4775,2,SUCURSALES,TRUE,TRUE
47755,4775,2,OTRAS,TRUE,TRUE
4776,477,2,ACTIVOS BIOLOGICOS,TRUE,TRUE
47761,4776,2,MATRIZ,TRUE,TRUE
47762,4776,2,SUBSIDIARIAS,TRUE,TRUE
47763,4776,2,ASOCIADAS,TRUE,TRUE
47764,4776,2,SUCURSALES,TRUE,TRUE
47765,4776,2,OTRAS,TRUE,TRUE
479,47,2,OTRAS CUENTAS POR PAGAR DIVERSAS,TRUE,TRUE
4791,479,2,OTRAS CUENTAS POR PAGAR DIVERSAS,TRUE,TRUE
47911,4791,2,MATRIZ,TRUE,TRUE
47912,4791,2,SUBSIDIARIAS,TRUE,TRUE
47913,4791,2,ASOCIADAS,TRUE,TRUE
47914,4791,2,SUCURSALES,TRUE,TRUE
47915,4791,2,OTRAS,TRUE,TRUE
48,null,2,PROVISIONES,TRUE,TRUE
481,48,2,PROVISIÓN PARA LITIGIOS,TRUE,TRUE
482,48,2,"PROVISIÓN POR DESMANTELAMIENTO, RETIRO O REHABILITACIÓN DEL INMOVILIZADO",TRUE,TRUE
483,48,2,PROVISIÓN PARA REESTRUCTURACIONES,TRUE,TRUE
484,48,2,PROVISIÓN PARA PROTECCIÓN Y REMEDIACIÓN DEL MEDIO AMBIENTE,TRUE,TRUE
485,48,2,PROVISIÓN PARA GASTOS DE RESPONSABILIDAD SOCIAL,TRUE,TRUE
489,48,2,OTRAS PROVISIONES,TRUE,TRUE
49,null,2,PASIVO DIFERIDO,TRUE,TRUE
491,49,2,IMPUESTO A LA RENTA DIFERIDO,TRUE,TRUE
4911,491,2,IMPUESTO A LA RENTA DIFERIDO - PATRIMONIO,TRUE,TRUE
4912,491,2,IMPUESTO A LA RENTA DIFERIDO - RESULTADOS,TRUE,TRUE
492,49,2,PARTICIPACIONES DE LOS TRABAJADORES DIFERIDAS,TRUE,TRUE
4921,492,2,PARTICIPACIONES DE LOS TRABAJADORES DIFERIDAS - PATRIMONIO,TRUE,TRUE
4922,492,2,PARTICIPACIONES DE LOS TRABAJADORES DIFERIDAS - RESULTADOS,TRUE,TRUE
493,49,2,INTERESES DIFERIDOS,TRUE,TRUE
4931,493,2,INTERESES NO DEVENGADOS EN TRANSACCIONES CON TERCEROS,TRUE,TRUE
4932,493,2,INTERESES NO DEVENGADOS EN MEDICIÓN A VALOR DESCONTADO,TRUE,TRUE
494,49,2,GANANCIA EN VENTA CON ARRENDAMIENTO FINANCIERO PARALELO,TRUE,TRUE
495,49,2,SUBSIDIOS RECIBIDOS DIFERIDOS,TRUE,TRUE
496,49,2,INGRESOS DIFERIDOS,TRUE,TRUE
497,49,2,COSTOS DIFERIDOS,TRUE,TRUE
50,null,3,CAPITAL,TRUE,TRUE
501,50,3,CAPITAL SOCIAL,TRUE,TRUE
5011,501,3,ACCIONES,TRUE,TRUE
5012,501,3,PARTICIPACIONES,TRUE,TRUE
502,50,3,ACCIONES EN TESORERÍA,TRUE,TRUE
51,null,3,ACCIONES DE INVERSIÓN,TRUE,TRUE
511,51,3,ACCIONES DE INVERSIÓN,TRUE,TRUE
512,51,3,ACCIONES DE INVERSIÓN EN TESORERÍA,TRUE,TRUE
52,null,3,CAPITAL ADICIONAL,TRUE,TRUE
521,52,3,PRIMAS (DESCUENTO) DE ACCIONES,TRUE,TRUE
522,52,3,CAPITALIZACIONES EN TRÁMITE,TRUE,TRUE
5221,522,3,APORTES,TRUE,TRUE
5222,522,3,RESERVAS,TRUE,TRUE
5223,522,3,ACREENCIAS,TRUE,TRUE
5224,522,3,UTILIDADES,TRUE,TRUE
523,52,3,REDUCCIONES DE CAPITAL PENDIENTES DE FORMALIZACIÓN,TRUE,TRUE
56,null,3,RESULTADOS NO REALIZADOS,TRUE,TRUE
561,56,3,DIFERENCIA EN CAMBIO DE INVERSIONES PERMANENTES EN ENTIDADES EXTRANJERAS,TRUE,TRUE
562,56,3,INSTRUMENTOS FINANCIEROS – COBERTURA DE FLUJO DE EFECTIVO,TRUE,TRUE
563,56,3,GANANCIA O PÉRDIDA EN ACTIVOS O PASIVOS FINANCIEROS DISPONIBLES PARA LA VENTA,TRUE,TRUE
5631,563,3,GANANCIA,TRUE,TRUE
5632,563,3,PÉRDIDA,TRUE,TRUE
564,56,3,GANANCIA O PÉRDIDA EN ACTIVOS O PASIVOS FINANCIEROS DISPONIBLES PARA LA VENTA - COMPRA O VENTA CONVENCIONAL FECHA DE LIQUIDACION,TRUE,TRUE
5641,564,3,GANANCIA,TRUE,TRUE
5642,564,3,PÉRDIDA,TRUE,TRUE
57,null,3,EXCEDENTE DE REVALUACIÓN,TRUE,TRUE
571,57,3,EXCEDENTE DE REVALUACIÓN,TRUE,TRUE
5711,571,3,INVERSIONES INMOBILIARIAS,TRUE,TRUE
5712,571,3,"INMUEBLES, MAQUINARIA Y EQUIPOS",TRUE,TRUE
5713,571,3,INTANGIBLES,TRUE,TRUE
572,57,3,EXCEDENTE DE REVALUACIÓN – ACCIONES LIBERADAS RECIBIDAS,TRUE,TRUE
573,57,3,PARTICIPACIÓN EN EXCEDENTE DE REVALUACIÓN – INVERSIONES EN ENTIDADES RELACIONADAS,TRUE,TRUE
58,null,3,RESERVAS,TRUE,TRUE
581,58,3,REINVERSIÓN,TRUE,TRUE
582,58,3,LEGAL,TRUE,TRUE
583,58,3,CONTRACTUALES,TRUE,TRUE
584,58,3,ESTATUTARIAS,TRUE,TRUE
585,58,3,FACULTATIVAS,TRUE,TRUE
589,58,3,OTRAS RESERVAS,TRUE,TRUE
59,null,3,RESULTADOS ACUMULADOS,TRUE,TRUE
591,59,3,UTILIDADES NO DISTRIBUIDAS,TRUE,TRUE
5911,591,3,UTILIDADES ACUMULADAS,TRUE,TRUE
5912,591,3,INGRESOS DE AÑOS ANTERIORES,TRUE,TRUE
592,59,3,PÉRDIDAS ACUMULADAS,TRUE,TRUE
5921,592,3,PÉRDIDAS ACUMULADAS,TRUE,TRUE
5922,592,3,GASTOS DE AÑOS ANTERIORES,TRUE,TRUE
60,null,3,COMPRAS,TRUE,TRUE
601,60,3,MERCADERÍAS,TRUE,TRUE
6011,601,3,MERCADERÍAS MANUFACTURADAS,TRUE,TRUE
6012,601,3,MERCADERÍAS DE EXTRACCIÓN,TRUE,TRUE
6013,601,3,MERCADERÍAS AGROPECUARIAS Y PISCÍCOLAS,TRUE,TRUE
6014,601,3,MERCADERÍAS INMUEBLES,TRUE,TRUE
6018,601,3,OTRAS MERCADERÍAS,TRUE,TRUE
602,60,3,MATERIAS PRIMAS,TRUE,TRUE
6021,602,3,MATERIAS PRIMAS PARA PRODUCTOS MANUFACTURADOS,TRUE,TRUE
6022,602,3,MATERIAS PRIMAS PARA PRODUCTOS DE EXTRACCIÓN,TRUE,TRUE
6023,602,3,MATERIAS PRIMAS PARA PRODUCTOS PARA PRODUCTOS AGROPECUARIOS Y PISCÍCOLAS,TRUE,TRUE
6024,602,3,MATERIAS PRIMAS PARA PRODUCTOS INMUEBLES,TRUE,TRUE
603,60,3,"MATERIALES AUXILIARES, SUMINISTROS Y REPUESTOS",TRUE,TRUE
6031,603,3,MATERIALES AUXILIARES,TRUE,TRUE
6032,603,3,SUMINISTROS,TRUE,TRUE
6033,603,3,REPUESTOS,TRUE,TRUE
604,60,3,ENVASES Y EMBALAJES,TRUE,TRUE
6041,604,3,ENVASES,TRUE,TRUE
6042,604,3,EMBALAJES,TRUE,TRUE
609,60,3,COSTOS VINCULADOS CON LAS COMPRAS,TRUE,TRUE
6091,609,3,COSTOS VINCULADOS CON LAS COMPRAS DE MERCADERÍAS,TRUE,TRUE
60911,6091,3,TRANSPORTE,TRUE,TRUE
60912,6091,3,SEGUROS,TRUE,TRUE
60913,6091,3,DERECHOS ADUANEROS,TRUE,TRUE
60914,6091,3,COMISIONES,TRUE,TRUE
60919,6091,3,OTROS COSTOS VINCULADOS CON LAS COMPRAS DE MERCADERÍAS,TRUE,TRUE
6092,609,3,COSTOS VINCULADOS CON LAS COMPRAS DE MATERIAS PRIMAS,TRUE,TRUE
60921,6092,3,TRANSPORTE,TRUE,TRUE
60922,6092,3,SEGUROS,TRUE,TRUE
60923,6092,3,DERECHOS ADUANEROS,TRUE,TRUE
60924,6092,3,COMISIONES,TRUE,TRUE
60925,6092,3,OTROS COSTOS VINCULADOS CON LAS COMPRAS DE MATERIALES,TRUE,TRUE
6093,609,3,"COSTOS VINCULADOS CON LAS COMPRAS DE MATERIALES, SUMINISTROS Y REPUESTOS",TRUE,TRUE
60931,6093,3,TRANSPORTE,TRUE,TRUE
60932,6093,3,SEGUROS,TRUE,TRUE
60933,6093,3,DRECHOS ADUANEROS   ,TRUE,TRUE
60934,6093,3,COMISIONES,TRUE,TRUE
60935,6093,3,"OTROS COSTOS VINCULADOS CON LAS COMPRAS DE MATERIALES, SUMINISTROS Y REPUESTOS",TRUE,TRUE
6094,609,3,COSTOS VINCULADOS CON LAS COMPRAS DE ENVASES Y EMBALAJES,TRUE,TRUE
60941,6094,3,TRANSPORTE,TRUE,TRUE
60942,6094,3,SEGUROS,TRUE,TRUE
60943,6094,3,DRECHOS ADUANEROS   ,TRUE,TRUE
60944,6094,3,COMISIONES,TRUE,TRUE
60945,6094,3,"OTROS COSTOS VINCULADOS CON LAS COMPRAS DE MATERIALES, SUMINISTROS Y REPUESTOS",TRUE,TRUE
61,null,3,VARIACIÓN DE EXISTENCIAS,TRUE,TRUE
611,61,3,MERCADERÍAS,TRUE,TRUE
6111,611,3,MERCADERÍAS MANUFACTURADAS,TRUE,TRUE
6112,611,3,MERCADERÍAS DE EXTRACCIÓN,TRUE,TRUE
6113,611,3,MERCADERÍAS AGROPECUARIAS Y PISCÍCOLAS,TRUE,TRUE
6114,611,3,MERCADERÍAS INMUEBLES,TRUE,TRUE
6115,611,3,OTRAS MERCADERÍAS,TRUE,TRUE
612,61,3,MATERIAS PRIMAS,TRUE,TRUE
6121,612,3,MATERIAS PRIMAS PARA PRODUCTOS MANUFACTURADOS,TRUE,TRUE
6122,612,3,MATERIAS PRIMAS PARA PRODUCTOS DE EXTRACCIÓN,TRUE,TRUE
6123,612,3,MATERIAS PRIMAS PARA PRODUCTOS PARA PRODUCTOS AGROPECUARIOS Y PISCÍCOLAS,TRUE,TRUE
6124,612,3,MATERIAS PRIMAS PARA PRODUCTOS INMUEBLES,TRUE,TRUE
613,61,3,"MATERIALES AUXILIARES, SUMINISTROS Y REPUESTOS",TRUE,TRUE
6131,613,3,MATERIALES AUXILIARES,TRUE,TRUE
6132,613,3,SUMINISTROS,TRUE,TRUE
6133,613,3,REPUESTOS,TRUE,TRUE
614,61,3,ENVASES Y EMBALAJES,TRUE,TRUE
6141,614,3,ENVASES,TRUE,TRUE
6142,614,3,EMBALAJES,TRUE,TRUE
62,null,5,"GASTOS DE PERSONAL, DIRECTORES Y GERENTES",TRUE,TRUE
621,62,5,REMUNERACIONES,TRUE,TRUE
6211,621,5,SUELDOS Y SALARIOS,TRUE,TRUE
6212,621,5,COMISIONES,TRUE,TRUE
6213,621,5,REMUNERACIONES EN ESPECIE,TRUE,TRUE
6214,621,5,GRATIFICACIONES,TRUE,TRUE
6215,621,5,VACACIONES,TRUE,TRUE
622,62,5,OTRAS REMUNERACIONES,TRUE,TRUE
623,62,5,INDEMNIZACIONES AL PERSONAL,TRUE,TRUE
624,62,5,CAPACITACIÓN,TRUE,TRUE
625,62,5,ATENCIÓN AL PERSONAL,TRUE,TRUE
626,62,5,GERENTES,TRUE,TRUE
627,62,5,SEGURIDAD Y PREVISIÓN SOCIAL Y OTRAS CONTRIBUCIONES ,TRUE,TRUE
6271,627,5,RÉGIMEN DE PRESTACIONES DE SALUD,TRUE,TRUE
6272,627,5,RÉGIMEN DE PENSIONES,TRUE,TRUE
6273,627,5,"SEGURO COMPLEMENTARIO DE TRABAJO DE RIESGO, ACCIDENTES DE TRABAJO Y ENFERMEDADES PROFESIONALES",TRUE,TRUE
6274,627,5,SEGURO DE VIDA,TRUE,TRUE
6275,627,5,SEGUROS PARTICULARES DE PRESTACIONES DE SALUD - EPS Y OTROS PARTICULARES,TRUE,TRUE
6276,627,5,CAJA DE BENEFICIOS DE SEGURIDAD SOCIAL DEL PESCADOR,TRUE,TRUE
6277,627,5,CONTRIBUCIONES A SENCICO Y SENATI,TRUE,TRUE
628,62,5,REMUNERACIONES AL DIRECTORIO,TRUE,TRUE
629,62,5,BENEFICIOS SOCIALES DE LOS TRABAJADORES,TRUE,TRUE
6291,629,5,COMPENSACIÓN POR TIEMPO DE SERVICIO,TRUE,TRUE
6292,629,5,PENSIONES Y JUBILACIONES,TRUE,TRUE
6293,629,5,OTROS BENEFICIOS POST-EMPLEO,TRUE,TRUE
63,null,5,GASTOS DE SERVICIOS PRESTADOS POR TERCEROS,TRUE,TRUE
631,63,5,"TRANSPORTE, CORREOS Y GASTOS DE VIAJE",TRUE,TRUE
6311,631,5,TRANSPORTE,TRUE,TRUE
63111,6311,5,DE CARGA,TRUE,TRUE
63112,6311,5,DE PASAJEROS,TRUE,TRUE
6312,631,5,CORREOS,TRUE,TRUE
6313,631,5,ALOJAMIENTO,TRUE,TRUE
6314,631,5,ALIMENTACIÓN,TRUE,TRUE
6315,631,5,OTROS GASTOS DE VIAJE ,TRUE,TRUE
632,63,5,ASESORIA Y CONSULTORIA,TRUE,TRUE
6321,632,5,ADMINISTRATIVA ,TRUE,TRUE
6322,632,5,LEGAL Y TRIBUTARIA,TRUE,TRUE
6323,632,5,AUDITORIA Y CONTABLE ,TRUE,TRUE
6324,632,5,MERCADOTECNIA,TRUE,TRUE
6325,632,5,MEDIOAMBIENTAL,TRUE,TRUE
6326,632,5,INVESTIGACIOON Y DESARROLLLO,TRUE,TRUE
6327,632,5,PRODUCCION,TRUE,TRUE
6329,632,5,OTROS ,TRUE,TRUE
633,63,5,PRODUCCIÓN ENCARGADA A TERCEROS,TRUE,TRUE
634,63,5,MANTENIMIENTO Y REPARACIONES,TRUE,TRUE
6341,634,5,INVERSIONES INMOBILIARIAS,TRUE,TRUE
6342,634,5,ACTIVOS ADQUIRIDOS EN ARRENDAMIENTO FINANCIERO,TRUE,TRUE
6343,634,5,"INMUEBLES, MAQUINARIA Y EQUIPO",TRUE,TRUE
6344,634,5,INTANGIBLES,TRUE,TRUE
6345,634,5,ACTIVOS BIOLOGICOS,TRUE,TRUE
635,63,5,ALQUILERES,TRUE,TRUE
6351,635,5,TERRENOS,TRUE,TRUE
6352,635,5,EDIFICACIONES,TRUE,TRUE
6353,635,5,MAQUINARIAS Y EQUIPOS DE EXPLOTACIÓN,TRUE,TRUE
6354,635,5,EQUIPO DE TRANSPORTE,TRUE,TRUE
6356,635,5,EQUIPOS DIVERSOS,TRUE,TRUE
636,63,5,SERVICIOS BÁSICOS,TRUE,TRUE
6361,636,5,ENERGÍA ELÉCTRICA,TRUE,TRUE
6362,636,5,GAS,TRUE,TRUE
6363,636,5,AGUA,TRUE,TRUE
6364,636,5,TELÉFONO,TRUE,TRUE
6365,636,5,INTERNET,TRUE,TRUE
6366,636,5,RADIO,TRUE,TRUE
6367,636,5,CABLE,TRUE,TRUE
637,63,5,"PUBLICIDAD, PUBLICACIONES, RELACIONES PÚBLICAS",TRUE,TRUE
6371,637,5,PUBLICIDAD  ,TRUE,TRUE
6372,637,5,PUBLICACIONES ,TRUE,TRUE
6373,637,5,RELACIONES PUBLICAS ,TRUE,TRUE
638,63,5,SERVICIOS DE CONTRATISTAS,TRUE,TRUE
639,63,5,OTROS SERVICIOS PRESTADOS POR TERCEROS,TRUE,TRUE
6391,639,5,GASTOS BANCARIOS,TRUE,TRUE
6392,639,5,GASTOS DE LABORATORIO,TRUE,TRUE
64,null,5,GASTOS POR TRIBUTOS,TRUE,TRUE
641,64,5,GOBIERNO CENTRAL,TRUE,TRUE
6411,641,5,IMPUESTO GENERAL A LAS VENTAS,TRUE,TRUE
6412,641,5,CÁNONES Y DERECHOS,TRUE,TRUE
6413,641,5,IMPUESTO TEMPORAL A LOS ACTIVOS NETOS ,TRUE,TRUE
6414,641,5,IMPUESTO A LOS JUEGOS DE CASINO Y MAQUINAS TRAGAMONEDAS ,TRUE,TRUE
6415,641,5,REGALIAS MINERAS ,TRUE,TRUE
6416,641,5,CANONES ,TRUE,TRUE
6419,641,5,OTROS ,TRUE,TRUE
642,64,5,GOBIERNO REGIONAL ,TRUE,TRUE
643,64,5,GOBIERNO LOCAL,TRUE,TRUE
6431,643,5,IMPUESTO PREDIAL,TRUE,TRUE
6432,643,5,ARBITRIOS MUNICIPALES Y SEGURIDAD CIUDADANA,TRUE,TRUE
6433,643,5,IMPUESTO AL PATRIMONIO VEHICULAR,TRUE,TRUE
6434,643,5,LICENCIA DE FUNCIONAMIENTO ,TRUE,TRUE
6439,643,5,OTROS ,TRUE,TRUE
644,64,5,OTROS GASTOS POR TRIBUTOS ,TRUE,TRUE
6441,644,5,CONTRIBUCION A SENATI,TRUE,TRUE
6442,644,5,CONTRIBUCION A SENCICO,TRUE,TRUE
6443,644,5,OTRO ,TRUE,TRUE
65,null,5,OTROS GASTOS DE GESTIÓN,TRUE,TRUE
651,65,5,SEGUROS,TRUE,TRUE
652,65,5,REGALÍAS,TRUE,TRUE
653,65,5,SUSCRIPCIONES,TRUE,TRUE
654,65,5,LICENCIAS Y DERECHOS DE VIGENCIA,TRUE,TRUE
655,65,5,COSTO NETO DE ENAJENACIÓN DE ACTIVOS INMOVILIZADOS Y OPERACIONES DISCONTINUADAS,TRUE,TRUE
6551,655,5,COSTO NETO DE ENAJENACIÓN DE ACTIVOS INMOVILIZADOS,TRUE,TRUE
65511,6551,5,INVERSIONES INMOBILIARIAS,TRUE,TRUE
65512,6551,5,ACTIVOS ADQUIRIDOS EN ARRENDAMIENTO FINANCIERO,TRUE,TRUE
65513,6551,5,"INMUEBLES, MAQUINARIA Y EQUIPO",TRUE,TRUE
65514,6551,5,INTANGIBLES,TRUE,TRUE
65515,6551,5,ACTIVOS BIOLÓGICOS,TRUE,TRUE
6552,655,5,OPERACIONES DISCONTINUADAS - ABANDONO E ACTIVOS ,TRUE,TRUE
65521,6552,5,INVERSIONES INMOBILIARIAS,TRUE,TRUE
65522,6552,5,ACTIVOS ADQUIRIDOS EN ARRENDAMIENTO FINANCIERO,TRUE,TRUE
65523,6552,5,"INMUEBLE, MAQUINARIA Y EQUIPOS ",TRUE,TRUE
65524,6552,5,INTANGIBLES,TRUE,TRUE
65525,6552,5,ACTIVOS BIOLOGICOS,TRUE,TRUE
656,65,5,SUMINISTROS,TRUE,TRUE
658,65,5,GESTIÓN MEDIOAMBIENTAL,TRUE,TRUE
659,65,5,OTROS GASTOS DE GESTIÓN,TRUE,TRUE
6591,659,5,DONACIONES,TRUE,TRUE
6592,659,5,SANCIONES ADMINISTRATIVAS,TRUE,TRUE
66,null,5,PÉRDIDA POR MEDICIÓN DE ACTIVOS NO FINANCIEROS AL VALOR RAZONABLE,TRUE,TRUE
661,66,5,ACTIVO REALIZABLE,TRUE,TRUE
6611,661,5,MERCADERÍAS,TRUE,TRUE
6612,661,5,PRODUCTOS TERMINADOS ,TRUE,TRUE
6613,661,5,ACTIVOS NO CORRIENTES MANTENIDOS PARA LA VENTA,TRUE,TRUE
66131,6613,5,INVERSIONES INMOBILIARIAS,TRUE,TRUE
66132,6613,5,"INMUEBLE, MAQUINARIA Y EQUIPOS ",TRUE,TRUE
66133,6613,5,INTANGIBLES,TRUE,TRUE
66134,6613,5,ACTIVOS BIOLOGICOS,TRUE,TRUE
662,66,5,ACTIVO INMOVILIZADO,TRUE,TRUE
6621,662,5,INVERSIONES INMOBILIARIAS,TRUE,TRUE
6622,662,5,ACTIVOS BIOLÓGICOS,TRUE,TRUE
67,null,5,GASTOS FINANCIEROS,TRUE,TRUE
671,67,5,GASTOS EN OPERACIONES DE ENDEUDAMIENTO Y OTROS,TRUE,TRUE
6711,671,5,PRÉSTAMOS DE INSTITUCIONES FINANCIERAS Y OTRAS ENTIDADES,TRUE,TRUE
6712,671,5,CONTRATOS DE ARRENDAMIENTO FINANCIERO,TRUE,TRUE
6713,671,5,EMISIÓN Y COLOCACIÓN DE INSTRUMENTOS REPRESENTATIVOS DE DEUDA Y PATRIMONIO,TRUE,TRUE
6714,671,5,DOCUMENTOS VENDIDOS O DESCONTADOS,TRUE,TRUE
672,67,5,PÉRDIDA POR INSTRUMENTOS FINANCIEROS DERIVADOS,TRUE,TRUE
673,67,5,INTERESES POR PRÉSTAMOS Y OTRAS OBLIGACIONES,TRUE,TRUE
6731,673,5,PRÉSTAMOS DE INSTITUCIONES FINANCIERAS Y OTRAS ENTIDADES,TRUE,TRUE
67311,6731,5,INSTITUCIONES FINANCIERAS,TRUE,TRUE
67312,6731,5,OTRAS ENTIDADES,TRUE,TRUE
6732,673,5,CONTRATOS DE ARRENDAMIENTO FINANCIERO,TRUE,TRUE
6733,673,5,OTROS INSTRUMENTOS FINANCIEROS POR PAGAR,TRUE,TRUE
6734,673,5,DOCUMENTOS VENDIDOS O DESCONTADOS,TRUE,TRUE
6735,673,5,OBLIGACIONES EMITIDAS,TRUE,TRUE
6736,673,5,OBLIGACIONES COMERCIALES,TRUE,TRUE
6737,673,5,OBLIGACIONES TRIBUTARIAS,TRUE,TRUE
675,67,5,DESCUENTOS CONCEDIDOS POR PRONTO PAGO,TRUE,TRUE
676,67,5,DIFERENCIA DE CAMBIO,TRUE,TRUE
677,67,5,PÉRDIDA POR MEDICIÓN DE ACTIVOS Y PASIVOS FINANCIEROS AL VALOR RAZONABLE,TRUE,TRUE
679,67,5,OTROS GASTOS FINANCIEROS,TRUE,TRUE
6791,679,5,PRIMAS POR OPCIONES,TRUE,TRUE
6792,679,5,GASTOS FINANCIEROS EN MEDICIÓN A VALOR DESCONTADO,TRUE,TRUE
68,null,5,VALUACIÓN Y DETERIORO DE ACTIVOS Y PROVISIONES,TRUE,TRUE
681,68,5,DEPRECIACIÓN,TRUE,TRUE
6811,681,5,DEPRECIACIÓN DE INVERSIONES INMOBILIARIAS,TRUE,TRUE
68111,6811,5,EDIFICACIONES - COSTO,TRUE,TRUE
68112,6811,5,EDIFICACIONES - REVALUACIÓN,TRUE,TRUE
68113,6811,5,EDIFICACIONES – COSTO DE FINANCIACIÓN,TRUE,TRUE
6812,681,5,DEPRECIACIÓN DE ACTIVOS ADQUIRIDOS EN ARRENDAMIENTO FINANCIERO – INVERSIONES INMOBILIARIAS,TRUE,TRUE
68121,6812,5,EDIFICACIONES,TRUE,TRUE
6813,681,5,DEPRECIACIÓN DE ACTIVOS ADQUIRIDOS EN ARRENDAMIENTO FINANCIERO,TRUE,TRUE
68131,6813,5,EDIFICACIONES,TRUE,TRUE
68132,6813,5,MAQUINARIAS Y EQUIPOS DE EXPLOTACIÓN,TRUE,TRUE
68133,6813,5,EQUIPO DE TRANSPORTE,TRUE,TRUE
68134,6813,5,EQUIPOS DIVERSOS,TRUE,TRUE
6814,681,5,"DEPRECIACIÓN DE INMUEBLES, MAQUINARIA Y EQUIPO – COSTO",TRUE,TRUE
68141,6814,5,EDIFICACIONES,TRUE,TRUE
68142,6814,5,MAQUINARIAS Y EQUIPOS DE EXPLOTACIÓN,TRUE,TRUE
68143,6814,5,EQUIPO DE TRANSPORTE,TRUE,TRUE
68144,6814,5,MUEBLES Y ENSERES,TRUE,TRUE
68145,6814,5,EQUIPOS DIVERSOS,TRUE,TRUE
68146,6814,5,HERRAMIENTAS Y UNIDADES DE REEMPLAZO,TRUE,TRUE
6815,681,5,"DEPRECIACIÓN DE INMUEBLES, MAQUINARIA Y EQUIPO – REVALUACIÓN",TRUE,TRUE
68151,6815,5,EDIFICACIONES,TRUE,TRUE
68152,6815,5,MAQUINARIAS Y EQUIPOS DE EXPLOTACIÓN,TRUE,TRUE
68153,6815,5,EQUIPO DE TRANSPORTE,TRUE,TRUE
68154,6815,5,MUEBLES Y ENSERES,TRUE,TRUE
68155,6815,5,EQUIPOS DIVERSOS,TRUE,TRUE
68156,6815,5,HERRAMIENTAS Y UNIDADES DE REEMPLAZO,TRUE,TRUE
6816,681,5,"DEPRECIACIÓN DE INMUEBLES, MAQUINARIA Y EQUIPO – COSTOS DE FINANCIACIÓN",TRUE,TRUE
68161,6816,5,EDIFICACIONES,TRUE,TRUE
68162,6816,5,MAQUINARIAS Y EQUIPOS DE EXPLOTACIÓN,TRUE,TRUE
6817,681,5,DEPRECIACIÓN DE ACTIVOS BIOLÓGICOS EN PRODUCCIÓN – COSTO,TRUE,TRUE
68171,6817,5,ACTIVOS BIOLÓGICOS DE ORIGEN ANIMAL,TRUE,TRUE
68172,6817,5,ACTIVOS BIOLÓGICOS DE ORIGEN VEGETAL,TRUE,TRUE
6818,681,5,DEPRECIACIÓN DE ACTIVOS BIOLÓGICOS EN PRODUCCIÓN – COSTO DE FINANCIACIÓN,TRUE,TRUE
68181,6818,5,ACTIVOS BIOLÓGICOS DE ORIGEN ANIMAL,TRUE,TRUE
68182,6818,5,ACTIVOS BIOLÓGICOS DE ORIGEN VEGETAL,TRUE,TRUE
682,68,5,AMORTIZACIÓN DE INTANGIBLES,TRUE,TRUE
6821,682,5,AMORTIZACIÓN DE INTANGIBLES ADQUIRIDOS – COSTO,TRUE,TRUE
68211,6821,5,"CONCESIONES, LICENCIAS Y OTROS DERECHOS",TRUE,TRUE
68212,6821,5,PATENTES Y PROPIEDAD INDUSTRIAL,TRUE,TRUE
68213,6821,5,PROGRAMAS DE COMPUTADORA (SOFTWARE),TRUE,TRUE
68214,6821,5,COSTOS DE EXPLORACIÓN Y DESARROLLO,TRUE,TRUE
68215,6821,5,"FÓRMULAS, DISEÑOS Y PROTOTIPOS",TRUE,TRUE
68219,6821,5,OTROS ACTIVOS INTANGIBLES,TRUE,TRUE
6822,682,5,AMORTIZACIÓN DE INTANGIBLES ADQUIRIDOS – REVALUACIÓN,TRUE,TRUE
68221,6822,5,"CONCESIONES, LICENCIAS Y OTROS DERECHOS",TRUE,TRUE
68222,6822,5,PATENTES Y PROPIEDAD INDUSTRIAL,TRUE,TRUE
68223,6822,5,PROGRAMAS DE COMPUTADORA (SOFTWARE),TRUE,TRUE
68224,6822,5,COSTOS DE EXPLORACIÓN Y DESARROLLO,TRUE,TRUE
68225,6822,5,"FÓRMULAS, DISEÑOS Y PROTOTIPOS",TRUE,TRUE
68229,6822,5,OTROS ACTIVOS INTANGIBLES,TRUE,TRUE
6823,682,5,AMORTIZACIÓN DE INTANGIBLES GENERADOS INTERNAMENTE – COSTO,TRUE,TRUE
68231,6823,5,"CONCESIONES, LICENCIAS Y OTROS DERECHOS",TRUE,TRUE
68232,6823,5,PATENTES Y PROPIEDAD INDUSTRIAL,TRUE,TRUE
68233,6823,5,PROGRAMAS DE COMPUTADORA (SOFTWARE),TRUE,TRUE
68234,6823,5,COSTOS DE EXPLORACIÓN Y DESARROLLO,TRUE,TRUE
68235,6823,5,"FÓRMULAS, DISEÑOS Y PROTOTIPOS",TRUE,TRUE
68239,6823,5,OTROS ACTIVOS INTANGIBLES,TRUE,TRUE
6824,682,5,AMORTIZACIÓN DE INTANGIBLES GENERADOS INTERNAMENTE – REVALUACIÓN,TRUE,TRUE
68241,6824,5,"CONCESIONES, LICENCIAS Y OTROS DERECHOS",TRUE,TRUE
68242,6824,5,PATENTES Y PROPIEDAD INDUSTRIAL,TRUE,TRUE
68243,6824,5,PROGRAMAS DE COMPUTADORA (SOFTWARE),TRUE,TRUE
68244,6824,5,COSTOS DE EXPLORACIÓN Y DESARROLLO,TRUE,TRUE
68245,6824,5,"FÓRMULAS, DISEÑOS Y PROTOTIPOS",TRUE,TRUE
68259,6824,5,OTROS ACTIVOS INTANGIBLES,TRUE,TRUE
683,68,5,AGOTAMIENTO,TRUE,TRUE
6831,683,5,AGOTAMIENTO DE RECURSOS NATURALES ADQUIRIDOS,TRUE,TRUE
684,68,5,VALUACIÓN DE ACTIVOS,TRUE,TRUE
6841,684,5,ESTIMACIÓN DE CUENTAS DE COBRANZA DUDOSA,TRUE,TRUE
6842,684,5,DESVALORIZACIÓN DE EXISTENCIAS,TRUE,TRUE
6843,684,5,DESVALORIZACIÓN DE INVERSIONES MOBILIARIAS,TRUE,TRUE
685,68,5,DETERIORO DEL VALOR DE LOS ACTIVOS,TRUE,TRUE
6851,685,5,DESVALORIZACIÓN DE INVERSIONES INMOBILIARIAS,TRUE,TRUE
68511,6851,5,EDIFICACIONES,TRUE,TRUE
6852,685,5,DESVALORIZACIÓN DE INMUEBLES MAQUINARIA Y EQUIPO,TRUE,TRUE
68521,6852,5,EDIFICACIONES,TRUE,TRUE
68522,6852,5,MAQUINARIAS Y EQUIPOS DE EXPLOTACIÓN,TRUE,TRUE
68523,6852,5,EQUIPO DE TRANSPORTE,TRUE,TRUE
68524,6852,5,MUEBLES Y ENSERES,TRUE,TRUE
68525,6852,5,EQUIPOS DIVERSOS,TRUE,TRUE
68526,6852,5,HERRAMIENTAS Y UNIDADES DE REEMPLAZO,TRUE,TRUE
6853,685,5,DESVALORIZACIÓN DE INTANGIBLES,TRUE,TRUE
68531,6853,5,"CONCESIONES, LICENCIAS Y OTROS DERECHOS",TRUE,TRUE
68532,6853,5,PATENTES Y PROPIEDAD INDUSTRIAL,TRUE,TRUE
68533,6853,5,PROGRAMAS DE COMPUTADORA (SOFTWARE),TRUE,TRUE
68534,6853,5,COSTOS DE EXPLORACIÓN Y DESARROLLO,TRUE,TRUE
68535,6853,5,"FÓRMULAS, DISEÑOS Y PROTOTIPOS",TRUE,TRUE
68536,6853,5,OTROS ACTIVOS INTANGIBLES,TRUE,TRUE
6854,685,5,DESVALORIZACIÓN DE ACTIVOS BIOLÓGICOS EN PRODUCCIÓN,TRUE,TRUE
68541,6854,5,ACTIVOS BIOLÓGICOS DE ORIGEN ANIMAL,TRUE,TRUE
68542,6854,5,ACTIVOS BIOLÓGICOS DE ORIGEN VEGETAL,TRUE,TRUE
686,68,5,PROVISIONES,TRUE,TRUE
6861,686,5,PROVISIÓN PARA LITIGIOS,TRUE,TRUE
68611,6861,5,PROVISIÓN PARA LITIGIOS – COSTO,TRUE,TRUE
68612,6861,5,PROVISIÓN PARA LITIGIOS – ACTUALIZACIÓN FINANCIERA,TRUE,TRUE
6862,686,5,"PROVISIÓN POR DESMANTELAMIENTO, RETIRO O REHABILITACIÓN DEL INMOVILIZADO",TRUE,TRUE
68621,6862,5,"PROVISIÓN POR DESMANTELAMIENTO, RETIRO O REHABILITACIÓN DEL INMOVILIZADO – COSTO",TRUE,TRUE
68622,6862,5,"PROVISIÓN POR DESMANTELAMIENTO, RETIRO O REHABILITACIÓN DEL INMOVILIZADO – ACTUALIZACIÓN FINANCIERA",TRUE,TRUE
6863,686,5,PROVISIÓN PARA REESTRUCTURACIONES,TRUE,TRUE
6864,686,5,PROVISIÓN PARA PROTECCIÓN Y REMEDIACIÓN DEL MEDIO AMBIENTE,TRUE,TRUE
6865,686,5,PROVISIÓN PARA GASTOS DE RESPONSABILIDAD SOCIAL,TRUE,TRUE
6869,686,5,OTRAS PROVISIONES,TRUE,TRUE
69,null,5,COSTO DE VENTAS,TRUE,TRUE
691,69,5,MERCADERÍAS,TRUE,TRUE
6911,691,5,MERCADERÍAS MANUFACTURADAS,TRUE,TRUE
69111,6911,5,TERCEROS,TRUE,TRUE
69112,6911,5,RELACIONADAS,TRUE,TRUE
6912,691,5,MERCADERÍAS DE EXTRACCIÓN,TRUE,TRUE
69121,6912,5,TERCEROS,TRUE,TRUE
69122,6912,5,RELACIONADAS,TRUE,TRUE
6913,691,5,MERCADERÍAS AGROPECUARIAS Y PISCÍCOLAS,TRUE,TRUE
69131,6913,5,TERCEROS,TRUE,TRUE
69132,6913,5,RELACIONADAS,TRUE,TRUE
6914,691,5,MERCADERÍAS INMUEBLES,TRUE,TRUE
69141,6914,5,TERCEROS,TRUE,TRUE
69142,6914,5,RELACIONADAS,TRUE,TRUE
6915,691,5,OTRAS MERCADERÍAS,TRUE,TRUE
69151,6915,5,TERCEROS,TRUE,TRUE
69152,6915,5,RELACIONADAS,TRUE,TRUE
692,69,5,PRODUCTOS TERMINADOS,TRUE,TRUE
6921,692,5,PRODUCTOS MANUFACTURADOS,TRUE,TRUE
69211,6921,5,TERCEROS,TRUE,TRUE
69212,6921,5,RELACIONADAS,TRUE,TRUE
6922,692,5,PRODUCTOS DE EXTRACCIÓN TERMINADOS,TRUE,TRUE
69221,6922,5,TERCEROS,TRUE,TRUE
69222,6922,5,RELACIONADAS,TRUE,TRUE
6923,692,5,PRODUCTOS AGROPECUARIOS Y PISCÍCOLAS TERMINADOS,TRUE,TRUE
69231,6923,5,TERCEROS,TRUE,TRUE
69232,6923,5,RELACIONADAS,TRUE,TRUE
6924,692,5,PRODUCTOS INMUEBLES TERMINADOS,TRUE,TRUE
69241,6924,5,TERCEROS,TRUE,TRUE
69242,6924,5,RELACIONADAS,TRUE,TRUE
6925,692,5,EXISTENCIAS DE SERVICIOS TERMINADOS,TRUE,TRUE
69251,6925,5,TERCEROS,TRUE,TRUE
69252,6925,5,RELACIONADAS,TRUE,TRUE
6926,692,5,COSTOS DE FINANCIACIÓN – PRODUCTOS TERMINADOS,TRUE,TRUE
69261,6926,5,TERCEROS,TRUE,TRUE
69262,6926,5,RELACIONADAS,TRUE,TRUE
693,69,5,"SUBPRODUCTOS, DESECHOS Y DESPERDICIOS",TRUE,TRUE
6931,693,5,SUBPRODUCTOS,TRUE,TRUE
69311,6931,5,TERCEROS,TRUE,TRUE
69312,6931,5,RELACIONADAS,TRUE,TRUE
6932,693,5,DESECHOS Y DESPERDICIOS,TRUE,TRUE
69321,6932,5,TERCEROS,TRUE,TRUE
69322,6932,5,RELACIONADAS,TRUE,TRUE
694,69,5,SERVICIOS,TRUE,TRUE
6941,694,5,TERCEROS,TRUE,TRUE
6942,694,5,RELACIONADAS,TRUE,TRUE
70,null,4,VENTAS,TRUE,TRUE
701,70,4,MERCADERÍAS,TRUE,TRUE
7011,701,4,MERCADERÍAS MANUFACTURADAS,TRUE,TRUE
70111,7011,4,TERCEROS,TRUE,TRUE
70112,7011,4,RELACIONADAS,TRUE,TRUE
7012,701,4,MERCADERÍAS DE EXTRACCIÓN,TRUE,TRUE
70121,7012,4,TERCEROS,TRUE,TRUE
70122,7012,4,RELACIONADAS,TRUE,TRUE
7013,701,4,MERCADERÍAS AGROPECUARIAS Y PISCÍCOLAS,TRUE,TRUE
70131,7013,4,TERCEROS,TRUE,TRUE
70132,7013,4,RELACIONADAS,TRUE,TRUE
7014,701,4,MERCADERÍAS INMUEBLES,TRUE,TRUE
70141,7014,4,TERCEROS,TRUE,TRUE
70142,7014,4,RELACIONADAS,TRUE,TRUE
7015,701,4,MERCADERÍAS – OTRAS,TRUE,TRUE
70151,7015,4,TERCEROS,TRUE,TRUE
70152,7015,4,RELACIONADAS,TRUE,TRUE
702,70,4,PRODUCTOS TERMINADOS,TRUE,TRUE
7021,702,4,PRODUCTOS MANUFACTURADOS,TRUE,TRUE
70211,7021,4,TERCEROS,TRUE,TRUE
70212,7021,4,RELACIONADAS,TRUE,TRUE
7022,702,4,PRODUCTOS DE EXTRACCIÓN TERMINADOS,TRUE,TRUE
70221,7022,4,TERCEROS,TRUE,TRUE
70222,7022,4,RELACIONADAS,TRUE,TRUE
7023,702,4,PRODUCTOS AGROPECUARIOS Y PISCÍCOLAS TERMINADOS,TRUE,TRUE
70231,7023,4,TERCEROS,TRUE,TRUE
70232,7023,4,RELACIONADAS,TRUE,TRUE
7024,702,4,PRODUCTOS INMUEBLES TERMINADOS,TRUE,TRUE
70241,7024,4,TERCEROS,TRUE,TRUE
70242,7024,4,RELACIONADAS,TRUE,TRUE
7025,702,4,EXISTENCIAS DE SERVICIOS TERMINADOS,TRUE,TRUE
70251,7025,4,TERCEROS,TRUE,TRUE
70252,7025,4,RELACIONADAS,TRUE,TRUE
703,70,4,"SUBPRODUCTOS, DESECHOS Y DESPERDICIOS",TRUE,TRUE
7031,703,4,SUBPRODUCTOS,TRUE,TRUE
70311,7031,4,TERCEROS,TRUE,TRUE
70312,7031,4,RELACIONADAS,TRUE,TRUE
7032,703,4,DESECHOS Y DESPERDICIOS,TRUE,TRUE
70321,7032,4,TERCEROS,TRUE,TRUE
70322,7032,4,RELACIONADAS,TRUE,TRUE
704,70,4,PRESTACIÓN DE SERVICIOS,TRUE,TRUE
7041,704,4,TERCEROS,TRUE,TRUE
7042,704,4,RELACIONADAS,TRUE,TRUE
709,70,4,DEVOLUCIONES SOBRE VENTAS,TRUE,TRUE
7091,709,4,MERCADERÍAS – TERCEROS,TRUE,TRUE
70911,7091,4,MERCADERÍAS MANUFACTURADAS,TRUE,TRUE
70912,7091,4,MERCADERÍAS DE EXTRACCIÓN,TRUE,TRUE
70913,7091,4,MERCADERÍAS AGROPECUARIAS Y PISCÍCOLAS,TRUE,TRUE
70914,7091,4,MERCADERÍAS INMUEBLES,TRUE,TRUE
70915,7091,4,MERCADERÍAS – OTRAS,TRUE,TRUE
7092,709,4,MERCADERÍAS – RELACIONADAS,TRUE,TRUE
70921,7092,4,MERCADERÍAS MANUFACTURADAS,TRUE,TRUE
70922,7092,4,MERCADERÍAS DE EXTRACCIÓN,TRUE,TRUE
70923,7092,4,MERCADERÍAS AGROPECUARIAS Y PISCÍCOLAS,TRUE,TRUE
70924,7092,4,MERCADERÍAS INMUEBLES,TRUE,TRUE
70925,7092,4,MERCADERÍAS – OTRAS,TRUE,TRUE
7093,709,4,PRODUCTOS TERMINADOS – TERCEROS,TRUE,TRUE
70931,7093,4,PRODUCTOS MANUFACTURADOS,TRUE,TRUE
70932,7093,4,PRODUCTOS DE EXTRACCIÓN TERMINADOS,TRUE,TRUE
70933,7093,4,PRODUCTOS AGROPECUARIOS Y PISCÍCOLAS TERMINADOS,TRUE,TRUE
70934,7093,4,PRODUCTOS INMUEBLES TERMINADOS,TRUE,TRUE
70935,7093,4,EXISTENCIAS DE SERVICIOS TERMINADOS,TRUE,TRUE
7094,709,4,PRODUCTOS TERMINADOS – RELACIONADAS,TRUE,TRUE
70941,7094,4,PRODUCTOS MANUFACTURADOS,TRUE,TRUE
70942,7094,4,PRODUCTOS DE EXTRACCIÓN TERMINADOS,TRUE,TRUE
70943,7094,4,PRODUCTOS AGROPECUARIOS Y PISCÍCOLAS TERMINADOS,TRUE,TRUE
70944,7094,4,PRODUCTOS INMUEBLES TERMINADOS,TRUE,TRUE
70945,7094,4,EXISTENCIAS DE SERVICIOS TERMINADOS,TRUE,TRUE
7095,709,4,"SUBPRODUCTOS, DESECHOS Y DESPERDICIOS – TERCEROS",TRUE,TRUE
70931,7095,4,SUBPRODUCTOS,TRUE,TRUE
70932,7095,4,DESECHOS Y DESPERDICIOS,TRUE,TRUE
7096,709,4,"SUBPRODUCTOS, DESECHOS Y DESPERDICIOS – RELACIONADAS",TRUE,TRUE
70931,7096,4,SUBPRODUCTOS,TRUE,TRUE
70932,7096,4,DESECHOS Y DESPERDICIOS,TRUE,TRUE
7097,709,4,PRESTACIÓN DE SERVICIOS,TRUE,TRUE
70971,7097,4,TERCEROS,TRUE,TRUE
70972,7097,4,RELACIONADAS,TRUE,TRUE
71,null,4,VARIACIÓN DE LA PRODUCCIÓN ALMACENADA,TRUE,TRUE
711,71,4,VARIACIÓN DE PRODUCTOS TERMINADOS,TRUE,TRUE
7111,711,4,PRODUCTOS MANUFACTURADOS,TRUE,TRUE
7112,711,4,PRODUCTOS DE EXTRACCIÓN TERMINADOS,TRUE,TRUE
7113,711,4,PRODUCTOS AGROPECUARIOS Y PISCÍCOLAS TERMINADOS,TRUE,TRUE
7114,711,4,PRODUCTOS INMUEBLES TERMINADOS,TRUE,TRUE
7115,711,4,EXISTENCIAS DE SERVICIOS TERMINADOS,TRUE,TRUE
712,71,4,"VARIACIÓN DE SUBPRODUCTOS, DESECHOS Y DESPERDICIOS",TRUE,TRUE
7121,712,4,SUBPRODUCTOS,TRUE,TRUE
7122,712,4,DESECHOS Y DESPERDICIOS,TRUE,TRUE
713,71,4,VARIACIÓN DE PRODUCTOS EN PROCESO,TRUE,TRUE
7131,713,4,PRODUCTOS EN PROCESO DE MANUFACTURA,TRUE,TRUE
7132,713,4,PRODUCTOS EXTRAÍDOS EN PROCESO DE TRANSFORMACIÓN,TRUE,TRUE
7133,713,4,PRODUCTOS AGROPECUARIOS Y PISCÍCOLAS EN PROCESO,TRUE,TRUE
7134,713,4,PRODUCTOS INMUEBLES EN PROCESO,TRUE,TRUE
7135,713,4,EXISTENCIAS DE SERVICIOS EN PROCESO,TRUE,TRUE
7138,713,4,OTROS PRODUCTOS EN PROCESO,TRUE,TRUE
714,71,4,VARIACIÓN DE ENVASES Y EMBALAJES,TRUE,TRUE
7141,714,4,ENVASES,TRUE,TRUE
7142,714,4,EMBALAJES,TRUE,TRUE
715,71,4,VARIACIÓN DE EXISTENCIAS DE SERVICIOS,TRUE,TRUE
72,null,4,PRODUCCIÓN DE ACTIVO INMOVILIZADO,TRUE,TRUE
721,72,4,INVERSIONES INMOBILIARIAS,TRUE,TRUE
7211,721,4,EDIFICACIONES,TRUE,TRUE
722,72,4,"INMUEBLES, MAQUINARIA Y EQUIPO",TRUE,TRUE
7221,722,4,EDIFICACIONES,TRUE,TRUE
7222,722,4,MAQUINARIAS Y OTROS EQUIPOS DE EXPLOTACIÓN,TRUE,TRUE
7223,722,4,EQUIPO DE TRANSPORTE,TRUE,TRUE
7224,722,4,MUEBLES Y ENSERES,TRUE,TRUE
7225,722,4,EQUIPOS DIVERSOS,TRUE,TRUE
7226,722,4,EQUIPO DE COMUNICACIÓN,TRUE,TRUE
7227,722,4,EQUIPO DE SEGURIDAD,TRUE,TRUE
7228,722,4,OTROS EQUIPOS,TRUE,TRUE
723,72,4,INTANGIBLES,TRUE,TRUE
7231,723,4,PROGRAMAS DE COMPUTADORA (SOFTWARE),TRUE,TRUE
7232,723,4,COSTOS DE EXPLORACIÓN Y DESARROLLO,TRUE,TRUE
7233,723,4,"FÓRMULAS, DISEÑOS Y PROTOTIPOS",TRUE,TRUE
724,72,4,ACTIVOS BIOLÓGICOS,TRUE,TRUE
7241,724,4,ACTIVOS BIOLÓGICOS EN DESARROLLO DE ORIGEN ANIMAL,TRUE,TRUE
7242,724,4,ACTIVOS BIOLÓGICOS EN DESARROLLO DE ORIGEN VEGETAL,TRUE,TRUE
725,72,4,COSTOS DE FINANCIACIÓN CAPITALIZADOS,TRUE,TRUE
7251,725,4,COSTOS DE FINANCIACIÓN – INVERSIONES INMOBILIARIAS,TRUE,TRUE
72511,7251,4,COSTOS DE FINANCIACIÓN – INVERSIONES INMOBILIARIAS – EDIFICACIONES,TRUE,TRUE
7252,725,4,"COSTOS DE FINANCIACIÓN – INMUEBLES, MAQUINARIA Y EQUIPO",TRUE,TRUE
72521,7252,4,EDIFICACIONES,TRUE,TRUE
72522,7252,4,MAQUINARIAS Y OTROS EQUIPOS DE EXPLOTACIÓN,TRUE,TRUE
7253,725,4,COSTOS DE FINANCIACIÓN – INTANGIBLES,TRUE,TRUE
7254,725,4,COSTOS DE FINANCIACIÓN – ACTIVOS BIOLÓGICOS EN DESARROLLO,TRUE,TRUE
72541,7254,4,ACTIVOS BIOLÓGICOS DE ORIGEN ANIMAL,TRUE,TRUE
72542,7254,4,ACTIVOS BIOLÓGICOS DE ORIGEN VEGETAL,TRUE,TRUE
73,null,4,"DESCUENTOS, REBAJAS Y BONIFICACIONES OBTENIDOS",TRUE,TRUE
731,73,4,"DESCUENTOS, REBAJAS Y BONIFICACIONES OBTENIDOS",TRUE,TRUE
7311,731,4,TERCEROS,TRUE,TRUE
7312,731,4,RELACIONADAS,TRUE,TRUE
74,null,4,"DESCUENTOS, REBAJAS Y BONIFICACIONES CONCEDIDOS",TRUE,TRUE
741,74,4,"DESCUENTOS, REBAJAS Y BONIFICACIONES CONCEDIDOS",TRUE,TRUE
7411,741,4,TERCEROS,TRUE,TRUE
7412,741,4,RELACIONADAS,TRUE,TRUE
75,null,4,OTROS INGRESOS DE GESTIÓN,TRUE,TRUE
751,75,4,SERVICIOS EN BENEFICIO DEL PERSONAL,TRUE,TRUE
752,75,4,COMISIONES Y CORRETAJES,TRUE,TRUE
753,75,4,REGALÍAS,TRUE,TRUE
754,75,4,ALQUILERES,TRUE,TRUE
7541,754,4,TERRENOS,TRUE,TRUE
7542,754,4,EDIFICACIONES,TRUE,TRUE
7543,754,4,MAQUINARIAS Y EQUIPOS DE EXPLOTACIÓN,TRUE,TRUE
7544,754,4,EQUIPO DE TRANSPORTE,TRUE,TRUE
7545,754,4,EQUIPOS DIVERSOS,TRUE,TRUE
755,75,4,RECUPERACIÓN DE CUENTAS DE VALUACIÓN,TRUE,TRUE
7551,755,4,RECUPERACIÓN - CUENTAS DE COBRANZA DUDOSA,TRUE,TRUE
7552,755,4,RECUPERACIÓN - DESVALORIZACIÓN DE EXISTENCIAS,TRUE,TRUE
7553,755,4,RECUPERACIÓN – DESVALORIZACIÓN DE INVERSIONES MOBILIARIAS,TRUE,TRUE
756,75,4,ENAJENACIÓN DE ACTIVOS INMOVILIZADOS,TRUE,TRUE
7561,756,4,INVERSIONES INMOBILIARIAS,TRUE,TRUE
7562,756,4,ACTIVOS ADQUIRIDOS EN ARRENDAMIENTO FINANCIERO,TRUE,TRUE
7563,756,4,"INMUEBLES, MAQUINARIA Y EQUIPO",TRUE,TRUE
7564,756,4,INTANGIBLES,TRUE,TRUE
7565,756,4,ACTIVOS BIOLÓGICOS,TRUE,TRUE
757,75,4,RECUPERACIÓN DE DETERIORO DE CUENTAS DE ACTIVOS INMOVILIZADOS,TRUE,TRUE
759,75,4,OTROS INGRESOS DE GESTIÓN,TRUE,TRUE
7591,759,4,SUBSIDIOS GUBERNAMENTALES,TRUE,TRUE
76,null,4,GANANCIA POR MEDICIÓN DE ACTIVOS NO FINANCIEROS AL VALOR RAZONABLE,TRUE,TRUE
761,76,4,ACTIVO REALIZABLE,TRUE,TRUE
7611,761,4,MERCADERÍAS,TRUE,TRUE
7612,761,4,PRODUCTOS EN PROCESO,TRUE,TRUE
7613,761,4,ACTIVOS NO CORRIENTES MANTENIDOS PARA LA VENTA,TRUE,TRUE
762,76,4,ACTIVO INMOVILIZADO,TRUE,TRUE
7621,762,4,INVERSIONES INMOBILIARIAS,TRUE,TRUE
7622,762,4,ACTIVOS BIOLÓGICOS,TRUE,TRUE
763,76,4,PARTICIPACIÓN EN LOS RESULTADOS DE SUBSIDIARIAS Y ASOCIADAS BAJO EL MÉTODO DEL VALOR PATRIMONIAL,TRUE,TRUE
764,76,4,INGRESOS POR PARTICIPACIONES EN NEGOCIOS CONJUNTOS,TRUE,TRUE
77,null,4,INGRESOS FINANCIEROS,TRUE,TRUE
771,77,4,GANANCIA POR INSTRUMENTO FINANCIERO DERIVADO,TRUE,TRUE
772,77,4,RENDIMIENTOS GANADOS,TRUE,TRUE
7721,772,4,DEPÓSITOS EN INSTITUCIONES FINANCIERAS,TRUE,TRUE
7722,772,4,CUENTAS POR COBRAR COMERCIALES,TRUE,TRUE
7723,772,4,PRÉSTAMOS OTORGADOS,TRUE,TRUE
7724,772,4,INVERSIONES A SER MANTENIDAS HASTA EL VENCIMIENTO,TRUE,TRUE
7725,772,4,INSTRUMENTOS FINANCIEROS REPRESENTATIVOS DE DERECHO PATRIMONIAL,TRUE,TRUE
773,77,4,DIVIDENDOS,TRUE,TRUE
775,77,4,DESCUENTOS OBTENIDOS POR PRONTO PAGO,TRUE,TRUE
776,77,4,DIFERENCIA EN CAMBIO,TRUE,TRUE
777,77,4,GANANCIA POR MEDICIÓN DE ACTIVOS Y PASIVOS FINANCIEROS AL VALOR RAZONABLE,TRUE,TRUE
779,77,4,OTROS INGRESOS FINANCIEROS,TRUE,TRUE
7792,779,4,INGRESOS FINANCIEROS EN MEDICIÓN A VALOR DESCONTADO,TRUE,TRUE
78,null,4,CARGAS CUBIERTAS POR PROVISIONES,TRUE,TRUE
781,78,4,CARGAS CUBIERTAS POR PROVISIONES,TRUE,TRUE
79,null,4,CARGAS IMPUTABLES A CUENTAS DE COSTOS Y GASTOS,TRUE,TRUE
791,79,4,CARGAS IMPUTABLES A CUENTAS DE COSTOS Y GASTOS,TRUE,TRUE
792,79,4,GASTOS FINANCIEROS IMPUTABLES A CUENTAS DE EXISTENCIAS,TRUE,TRUE
80,null,4,MARGEN COMERCIAL,TRUE,TRUE
801,80,4,MARGEN COMERCIAL,TRUE,TRUE
81,null,4,PRODUCCIÓN DEL EJERCICIO,TRUE,TRUE
811,81,4,PRODUCCIÓN DE BIENES,TRUE,TRUE
812,81,4,PRODUCCIÓN DE SERVICIOS,TRUE,TRUE
813,81,4,PRODUCCIÓN DE ACTIVO INMOVILIZADO,TRUE,TRUE
82,null,4,VALOR AGREGADO,TRUE,TRUE
821,82,4,VALOR AGREGADO,TRUE,TRUE
83,null,4,EXCEDENTE BRUTO (INSUFICIENCIA BRUTA) DE EXPLOTACIÓN,TRUE,TRUE
831,83,4,EXCEDENTE BRUTO (INSUFICIENCIA BRUTA) DE EXPLOTACIÓN,TRUE,TRUE
84,null,4,RESULTADO DE EXPLOTACIÓN,TRUE,TRUE
841,84,4,RESULTADO DE EXPLOTACIÓN,TRUE,TRUE
85,null,4,RESULTADO ANTES DE PARTICIPACIONES E IMPUESTOS,TRUE,TRUE
851,85,4,RESULTADO ANTES DE PARTICIPACIONES E IMPUESTOS,TRUE,TRUE
87,null,4,PARTICIPACIONES DE LOS TRABAJADORES,TRUE,TRUE
871,87,4,PARTICIPACIÓN DE LOS TRABAJADORES – CORRIENTE,TRUE,TRUE
872,87,4,PARTICIPACIÓN DE LOS TRABAJADORES – DIFERIDA,TRUE,TRUE
88,null,4,IMPUESTO A LA RENTA,TRUE,TRUE
881,88,4,IMPUESTO A LA RENTA – CORRIENTE,TRUE,TRUE
882,88,4,IMPUESTO A LA RENTA - DIFERIDO,TRUE,TRUE
89,null,4,DETERMINACIÓN DEL RESULTADO DEL EJERCICIO,TRUE,TRUE
891,89,4,UTILIDAD,TRUE,TRUE
892,89,4,PÉRDIDA,TRUE,TRUE
91,null,4,COSTOS POR DISTRIBUIR.,TRUE,TRUE
92,null,4,COSTOS DE PRODUCCIÓN.,TRUE,TRUE
93,null,4,CENTROS DE COSTOS.,TRUE,TRUE
94,null,4,GASTOS ADMINISTRATIVOS.,TRUE,TRUE
95,null,4,GASTOS DE VENTAS.,TRUE,TRUE
96,null,4,GASTOS FINANCIEROS,TRUE,TRUE
